project;mergecommit;leftcommit;basecommit;rightcommit;ssmergeconfs;ssmergeloc;ssmergerenamingconfs;ssmergedeletionconfs;ssmergeinnerdeletionconfs;ssmergetaeconfs;ssmergenereoconfs;ssmergeinitlblocksconfs;ssmergeacidentalconfs;unmergeconfs;unmergeloc;unmergetime;ssmergetime;unmergeduplicateddeclarationerrors;unmergeorderingconfs;equalconfs
https://github.com/voldemort/voldemort;a349dc2661b083652183c2d54eeee838d39135c2;b91a29fff;befe9666c36200b21d1f96ba820c400773bd4749;5df0a7217;0;0;0;0;0;0;0;0;0;0;0;0;0;0;0;0
https://github.com/voldemort/voldemort;e70d73e5e101553d1bd3e086b1277ca700e12559;1a8ec6cf8;5df0a7217acd5dbff7708b9c4415f43996aab508;7cb86243b;0;0;0;0;0;0;0;0;0;0;0;0;0;0;0;0
https://github.com/voldemort/voldemort;23a3888e1b40ec25b39c7bc2741b8047e6ee374e;09650cfa8;12c75d0516ac95e922987d7a601d72446c5755f0;979c12864;0;0;0;0;0;0;0;0;0;0;0;0;0;0;0;0
https://github.com/voldemort/voldemort;0f8e0836957e523c72214dd962f9e184ae159955;567c1b5e7;11aa21a7a399a90fcfcad1b5cddefeae1f36cbda;602eca2c0;0;0;0;0;0;0;0;0;0;0;0;0;0;0;0;0
https://github.com/voldemort/voldemort;fbc95de4c2cd6413fb235285a7063b1df00ce48e;cc042a44e;602eca2c07c20c0f7e5afec6bc16da6069b9b827;6971600bc;0;0;0;0;0;0;0;0;0;0;0;0;0;0;0;0
https://github.com/voldemort/voldemort;1b9b249f43bd90caefed24c393ace6c086b72ddf;18435529d;979c128646bcdb5638fe91b1ce78a6a348e94496;6971600bc;0;0;0;0;0;0;0;0;0;0;0;0;0;0;0;0
https://github.com/voldemort/voldemort;5983d90dda6ab2b389b37338b16a1cedc2ad5f71;e02140187;9c03afbbd7779644b359496607e5e5fa498ddcfc;6971600bc;0;0;0;0;0;0;0;0;0;0;0;0;0;0;0;0
https://github.com/voldemort/voldemort;b7b34ff36dfb5ed189ac5eeb00f61dc0bc85f970;37fa55483;6971600bc9963426d4d78fd4be4b02e148fd0359;3e8ced618;0;0;0;0;0;0;0;0;0;0;0;0;0;0;0;0
https://github.com/voldemort/voldemort;869c49d8e9f1fe370119a87a4a6a1b88a5384828;21928d3cf;979c128646bcdb5638fe91b1ce78a6a348e94496;18435529d;0;0;0;0;0;0;0;0;0;0;0;0;0;0;0;0
https://github.com/voldemort/voldemort;4e03afb1b6d71015cc48409ecdc04737110f92dc;b510f99c8;3e8ced6181080c11f5273ae26764333c4e3c2183;1eebbbb07;0;0;0;0;0;0;0;0;0;0;0;0;0;0;0;0
https://github.com/voldemort/voldemort;2672d7afbbb54c246de9999c147747e88d7a0afe;73bf0467a;6971600bc9963426d4d78fd4be4b02e148fd0359;1eebbbb07;0;0;0;0;0;0;0;0;0;0;0;0;0;0;0;0
https://github.com/voldemort/voldemort;901c5342a3bebf314672c821e9e7bede2ac15b94;88da71441;6971600bc9963426d4d78fd4be4b02e148fd0359;2672d7afb;0;0;0;0;0;0;0;0;0;0;0;0;0;0;0;0
https://github.com/voldemort/voldemort;777a1298bc1bd4f9c2ac8787c95c9a42e1cac5d5;901c5342a;2672d7afbbb54c246de9999c147747e88d7a0afe;641b1e01f;0;0;0;0;0;0;0;0;0;0;0;0;0;0;0;0
https://github.com/voldemort/voldemort;ffb58fbd850c61299545fb4353a0f7cefd632a99;c7ad38d62;1eebbbb0773e87b227872652b91586bfab4e45cd;641b1e01f;0;0;0;0;0;0;0;0;0;0;0;0;0;0;0;0
https://github.com/voldemort/voldemort;b960ac2c828b2500708b37d376ee512ec15b2ade;ea91edb63;641b1e01f7d700f21bede7b40737cae6f7cb340d;68a3dd393;0;0;0;0;0;0;0;0;0;0;0;0;0;0;0;0
https://github.com/voldemort/voldemort;edd8701d204e88993e959f884b84fb95bd6e9cb2;cb49d5027;68a3dd393d51b6564932261aba3c01e137c6b8d6;9e08c89a9;0;0;0;0;0;0;0;0;0;0;0;0;0;0;0;0
https://github.com/voldemort/voldemort;96a85cd851c1653134910e1ccff973be02dfc586;bdb9ea0ac;9e08c89a95a5d79e3bca3edd100c859d3929f521;4e49f8594;0;0;0;0;0;0;0;0;0;0;0;0;0;0;0;0
https://github.com/voldemort/voldemort;2753c1c3075435711c1578a3464dfc5eb32ca219;78e507f54;641b1e01f7d700f21bede7b40737cae6f7cb340d;4e49f8594;0;0;0;0;0;0;0;0;0;0;0;0;0;0;0;0
https://github.com/voldemort/voldemort;509707414db16278781d95ea3e9a215152db238f;285acd527;6971600bc9963426d4d78fd4be4b02e148fd0359;474bbf319;0;0;0;0;0;0;0;0;0;0;0;0;0;0;0;0
https://github.com/voldemort/voldemort;a180f39eb1ed1aa9e86f1bed160acc8e905161c8;e9fc39bfb;4e49f85946d2caf955fdb325ec9f11ad34837a16;679e1d5cd;0;0;0;0;0;0;0;0;0;0;0;0;0;0;0;0
https://github.com/voldemort/voldemort;2efb591f3204590902a5d758dccb77cfd6a2eba7;796d6ff82;474bbf31937e748fab620a9293b3b9bcbbcd3df4;679e1d5cd;0;0;0;0;0;0;0;0;0;0;0;0;0;0;0;0
https://github.com/voldemort/voldemort;4c9eedaea211b85344e4b8bb565f90e4c49cd13d;b1267e730;679e1d5cd007a0a9cb2813bd155622d7a1e904bd;2efb591f3;0;0;0;0;0;0;0;0;0;0;0;0;0;0;0;0
https://github.com/voldemort/voldemort;e7dc90a3e5c729a20388e91faa6d0de20ae06aa8;5e523087f;2efb591f3204590902a5d758dccb77cfd6a2eba7;62f622863;0;0;0;0;0;0;0;0;0;0;0;0;0;0;0;0
https://github.com/voldemort/voldemort;a00c5d3c423498121eebf4094b319f92befbedd6;02bc2be27;62f6228634efbbdae4e5c2a8b4f8d4554419206a;f2dcd039f;0;0;0;0;0;0;0;0;0;0;0;0;0;0;0;0
https://github.com/voldemort/voldemort;3f736d7300e8c80706894b96171f2ceaf85b8a03;2b1af56bf;4e49f85946d2caf955fdb325ec9f11ad34837a16;f2dcd039f;0;0;0;0;0;0;0;0;0;0;0;0;0;0;0;0
https://github.com/voldemort/voldemort;3d5385198e6c7ab5ff1e36c0a46903e2624a425a;f1f3ee2f0;f2dcd039f934197b590e7f420505987c265226a7;b07c02dbf;0;0;0;0;0;0;0;0;0;0;0;0;0;0;0;0
https://github.com/voldemort/voldemort;7fa3e0678e7576387051d4e344e35645033a8b53;3f736d730;f2dcd039f934197b590e7f420505987c265226a7;a63a572f8;0;0;0;0;0;0;0;0;0;0;0;0;0;0;0;0
https://github.com/voldemort/voldemort;a8c71ea1686ac82fc58490bca00ff8f7f63592b0;7033e0fb1;97396932be45a6320e751b33e0f3a939cb61782a;d6afc5b97;0;0;0;0;0;0;0;0;0;0;0;0;0;0;0;0
https://github.com/voldemort/voldemort;71c29d0a7fe2ff14fbcd0630a70e4a62ae01644d;65ac0ce88;d6afc5b9770e25111d9142066ad5f656d8d58e56;18819d7fa;0;0;0;0;0;0;0;0;0;0;0;0;0;0;0;0
https://github.com/voldemort/voldemort;7d91b0a1a3dc24096dbfe1526f8a15d1e5a2bbe5;69ee67861;ae68f2ffd867b29fc674abfd21a84cb7107a491d;3fb68dce5;0;0;0;0;0;0;0;0;0;0;0;0;0;0;0;0
https://github.com/voldemort/voldemort;948644d77b8988f39184cd86456ab087a4652c4b;669001f0f;3d5385198e6c7ab5ff1e36c0a46903e2624a425a;f4b3d82dd;0;0;0;0;0;0;0;0;0;0;0;0;0;0;0;0
https://github.com/voldemort/voldemort;0de3d054a796123dbefe8bc4ee91188a849cafc2;f946d4aef;a63a572f815d03bad7f6dc6edf11b19f38764741;bbd884ae3;0;0;0;0;0;0;0;0;0;0;0;0;0;0;0;0
https://github.com/voldemort/voldemort;3d1c22f7ffeb7dd091a3e8c0b431e7bd69b49f8e;a49144ef9;669001f0fa6b1f600778da62c14e36a412761bd1;bbd884ae3;0;0;0;0;0;0;0;0;0;0;0;0;0;0;0;0
https://github.com/voldemort/voldemort;210c546cfcc1f44964903689d83f6619361f8e51;3f7d24c92;bbd884ae3a5437927871285ac28c4adef56b3134;3d1c22f7f;0;0;0;0;0;0;0;0;0;0;0;0;0;0;0;0
https://github.com/voldemort/voldemort;adeef976bc37a2ac047f35e51eed72e0bd3bef7c;4d3a19499;18435529d791c5bda5ea7c06a7de73b7c9edc521;3d1c22f7f;0;0;0;0;0;0;0;0;0;0;0;0;0;0;0;0
https://github.com/voldemort/voldemort;472b3e35c07b66d213f454bdc108a6044eda8949;210c546cf;3d1c22f7ffeb7dd091a3e8c0b431e7bd69b49f8e;218f0570e;0;0;0;0;0;0;0;0;0;0;0;0;0;0;0;0
https://github.com/voldemort/voldemort;127e4071e7aa0c020f4a2f1e21323543aa4309b6;aae014342;2efb591f3204590902a5d758dccb77cfd6a2eba7;07e1afde0;0;0;0;0;0;0;0;0;0;0;0;0;0;0;0;0
https://github.com/voldemort/voldemort;f8bc8678448df9ae95e4fa52315ed88f50271fca;1679e1971;aae014342ac92633965a7b81eed406664b8dfa87;29eaf0e5a;0;0;0;0;0;0;0;0;0;0;0;0;0;0;0;0
https://github.com/voldemort/voldemort;ab9b1220eec754870a6a2c654132883e014e9007;f8bc86784;29eaf0e5ae45f0782742efa2fb248edefe19e176;d9554a5b9;0;0;0;0;0;0;0;0;0;0;0;0;0;0;0;0
https://github.com/voldemort/voldemort;892758d04a38ea4091ab448614138e39ed6fa007;abe83aa8d;aae014342ac92633965a7b81eed406664b8dfa87;6cf307ab1;0;0;0;0;0;0;0;0;0;0;0;0;0;0;0;0
https://github.com/voldemort/voldemort;c63b07261c9e4fe81020f66478aafda277cea424;b68917c06;09d6d268ed9dc6dac7ab5f6465bed0ae7aefd06b;3891839d7;0;0;0;0;0;0;0;0;0;0;0;0;0;0;0;0
https://github.com/voldemort/voldemort;a9309e810ab49c3e3e7355a118f492b5b5dba1e5;c50ba9b50;8e2df1dc75df6a7329aea84f71853c104417419a;6c51b1a3d;0;0;0;0;0;0;0;0;0;0;0;0;0;0;0;0
https://github.com/voldemort/voldemort;99fa79ab45e5d24ef749d8da42bce67a7dec6fc9;472b3e35c;218f0570eb14d287bd6ff47033f87c80f53c41b9;a9309e810;0;0;0;0;0;0;0;0;0;0;0;0;0;0;0;0
https://github.com/voldemort/voldemort;72a09c02c33022a234a699319dfc4a94d07d0d85;a755b4e13;a9309e810ab49c3e3e7355a118f492b5b5dba1e5;99fa79ab4;0;0;0;0;0;0;0;0;0;0;0;0;0;0;0;0
https://github.com/voldemort/voldemort;3f9cb465ff523237fc805221272a03fad4c97d21;927373bab;abe83aa8dc05113ac3fac79b52901cee174aba79;2c3c94421;0;0;0;0;0;0;0;0;0;0;0;0;0;0;0;0
https://github.com/voldemort/voldemort;18236fed4fcbf5544d5fcfda57717504a1ff8493;3f9cb465f;927373bab872cba5fb6aad86fb13022412d48b06;5a0031105;0;0;0;0;0;0;0;0;0;0;0;0;0;0;0;0
https://github.com/voldemort/voldemort;8a1a06832d9a57560c141fe15257bdfc9c58dc81;8a9d44b2f;927373bab872cba5fb6aad86fb13022412d48b06;54ea59a11;0;0;0;0;0;0;0;0;0;0;0;0;0;0;0;0
https://github.com/voldemort/voldemort;79f45c22723428180539072d5191b19d86650b74;df55c7460;54ea59a116cb3a1474030f6d4c5cd2b77f6061b7;8a1a06832;0;0;0;0;0;0;0;0;0;0;0;0;0;0;0;0
https://github.com/voldemort/voldemort;bb6064a6881c315befe238363e590e6d225ac07c;8a1a06832;9ab3d777e2c819ef6b92cf0d0cfcf683c543e7a0;03f1e0c6f;0;0;0;0;0;0;0;0;0;0;0;0;0;0;0;0
https://github.com/voldemort/voldemort;9c8e0119ba0e0114b0f2dd114e0e7337690df2f6;adeef976b;3d1c22f7ffeb7dd091a3e8c0b431e7bd69b49f8e;bb6064a68;0;0;0;0;0;0;0;0;0;0;0;0;0;0;0;0
https://github.com/voldemort/voldemort;f303007985f2e12e618bc9a99b17b82be77208a2;812604c8e;bb6064a6881c315befe238363e590e6d225ac07c;414bbde7b;0;0;0;0;0;0;0;0;0;0;0;0;0;0;0;0
https://github.com/voldemort/voldemort;c9bec07b51e928efac16d4f5db21875c07c51dba;efcdd2626;bb6064a6881c315befe238363e590e6d225ac07c;f318a72df;0;0;0;0;0;0;0;0;0;0;0;0;0;0;0;0
https://github.com/voldemort/voldemort;58df0dde2af2b94df3bc4e46d6240b56203d3aa5;1fc80678e;8a1a06832d9a57560c141fe15257bdfc9c58dc81;79f45c227;0;0;0;0;0;0;0;0;0;0;0;0;0;0;0;0
https://github.com/voldemort/voldemort;5d4c5d0d603d43a9d5ae58949c7a0873dca888f2;1fc80678e;8a1a06832d9a57560c141fe15257bdfc9c58dc81;79f45c227;0;0;0;0;0;0;0;0;0;0;0;0;0;0;0;0
https://github.com/voldemort/voldemort;97ddd2b65b6c4f525af8aa2d1c5986b0f368e5ad;58df0dde2;1fc80678ec0092cb7bf1936d2f3c726c442283ea;bfd86e8fe;0;0;0;0;0;0;0;0;0;0;0;0;0;0;0;0
https://github.com/voldemort/voldemort;68146711094a1da5717857f181784926c1e6b9a6;35f75b826;f318a72df95c213357b966fccb09b9f4bd64fd6f;48f275c71;0;0;0;0;0;0;0;0;0;0;0;0;0;0;0;0
https://github.com/voldemort/voldemort;af8bca85cf339c8f57eddb69f0e949119eb99189;79f45c227;8a1a06832d9a57560c141fe15257bdfc9c58dc81;e09f9ea56;0;0;0;0;0;0;0;0;0;0;0;0;0;0;0;0
https://github.com/voldemort/voldemort;d18f0ce071c402ae09eb2b282331977194614e43;943cfcf47;bb6064a6881c315befe238363e590e6d225ac07c;b20e97b0c;0;0;0;0;0;0;0;0;0;0;0;0;0;0;0;0
https://github.com/voldemort/voldemort;c5e1e4e6accfb8a0b8934f5dd31a02e51e149048;29caea47b;48f275c71ec589e5e2186be8c015023e0343d8fc;cbe821389;0;0;0;0;0;0;0;0;0;0;0;0;0;0;0;0
https://github.com/voldemort/voldemort;0bd1e96daf2ba02e361b8aa2a2280f2001ec6983;0c0ad0bda;cbe821389d15338ce72eacc4df2e06531a10ff24;c5e1e4e6a;0;0;0;0;0;0;0;0;0;0;0;0;0;0;0;0
https://github.com/voldemort/voldemort;15b5cc1bd943af19201fea9625a642d18500ee99;127165a36;b20e97b0c3a3f36151c59ba0423c16d00a5cde48;864d6a518;0;0;0;0;0;0;0;0;0;0;0;0;0;0;0;0
https://github.com/voldemort/voldemort;d6a50171f5a8561e5fa47aa9034bf1293ec6f8c9;c6508d60f;c3ef94affa3539a0569cbf04a6073cd639e0866b;95b86aff2;0;0;0;0;0;0;0;0;0;0;0;0;0;0;0;0
https://github.com/voldemort/voldemort;33d01196bced9bd1e01e4f9bdf70605c5eb08225;15b5cc1bd;864d6a518fd6b6cc3ac129d9abb5f34b7d37e827;d6a50171f;0;0;0;0;0;0;0;0;0;0;0;0;0;0;0;0
https://github.com/voldemort/voldemort;8667c2e1dc722ed8542af86854c03a99ef658f41;5e36e0d12;95b86aff23fdfde85f26d79ab33ca815d0d65f96;bf6826422;0;0;0;0;0;0;0;0;0;0;0;0;0;0;0;0
https://github.com/voldemort/voldemort;2ba0a1c3b273c6716f8637848b457f1b3bb8357a;0e8dc5ddd;d6a50171f5a8561e5fa47aa9034bf1293ec6f8c9;adc970adf;0;0;0;0;0;0;0;0;0;0;0;0;0;0;0;0
https://github.com/voldemort/voldemort;97f8adf98395abee0de8f9e40da6f13abb0d0615;64694b1b4;adc970adf9d67e414b0910f90a6753fdab10616c;1c83b2827;0;0;0;0;0;0;0;0;0;0;0;0;0;0;0;0
https://github.com/voldemort/voldemort;b2daa523a27ec0e977cc1e9ee81e971909852ba0;47ff45632;864d6a518fd6b6cc3ac129d9abb5f34b7d37e827;ebfba930e;0;0;0;0;0;0;0;0;0;0;0;0;0;0;0;0
https://github.com/voldemort/voldemort;c4a4a0a48e9a5d3ce4d5796c8ce27a503f62bcb9;5f31574c1;1c83b282732333fb81309b9fcf0c2852500ab5c2;b2daa523a;0;0;0;0;0;0;0;0;0;0;0;0;0;0;0;0
https://github.com/voldemort/voldemort;a0b1171b72c791219425aeced879d721a6a6ccf7;ea4b3b8eb;c5e1e4e6accfb8a0b8934f5dd31a02e51e149048;6efd34a18;0;0;0;0;0;0;0;0;0;0;0;0;0;0;0;0
https://github.com/voldemort/voldemort;788aa246bf20ad4a2995be559948c65e009f898c;4aab0772f;efcdd2626dd0c81cbd5d71e6ff5322b463b68fb3;b2daa523a;2;21;0;0;0;0;0;1;2;4;4524;180390857;-166288043;1;2;0
https://github.com/voldemort/voldemort;d05fba17409b0c682ada9c8cd6747b8f91f27175;ff63c3f59;788aa246bf20ad4a2995be559948c65e009f898c;b9a57b9b8;0;0;0;0;0;0;0;0;0;0;0;0;0;0;0;0
https://github.com/voldemort/voldemort;9b1560027c72ff11d645b097531133795694e33b;0ea66814b;788aa246bf20ad4a2995be559948c65e009f898c;f0e35dcca;0;0;0;0;0;0;0;0;0;0;0;0;0;0;0;0
https://github.com/voldemort/voldemort;52fc2ca3d9bd92b484b48d70197fc47c530c810e;9b1560027;f0e35dcca570a54ad463ca13008c321c5780fcb6;393f62458;0;0;0;0;0;0;0;0;0;0;0;0;0;0;0;0
https://github.com/voldemort/voldemort;4e4efde943fea822f5c7650abec78cba5a3be63d;becb46af6;b2daa523a27ec0e977cc1e9ee81e971909852ba0;d93b8da56;0;0;0;0;0;0;0;0;0;0;0;0;0;0;0;0
https://github.com/voldemort/voldemort;afae7fb3f4cbbfedd3732786c75f4a52c7381df9;b46736178;788a0b44cbf1b91f85b2bef3aa3c3b30cf329029;935e7ac74;0;0;0;0;0;0;0;0;0;0;0;0;0;0;0;0
https://github.com/voldemort/voldemort;470f60ecfbc13f49b1979dc72a31084bfb185f7f;02829a2ca;935e7ac7409b5e1e6d55f72de0b6a1da1c420ff6;afae7fb3f;0;0;0;0;0;0;0;0;0;0;0;0;0;0;0;0
https://github.com/voldemort/voldemort;51284f24a7649a022e8e2c3b2475d16e471f9f1f;eb46654e5;afae7fb3f4cbbfedd3732786c75f4a52c7381df9;c79f0e321;0;0;0;0;0;0;0;0;0;0;0;0;0;0;0;0
https://github.com/voldemort/voldemort;95aab9fdb6ddeb845f5fcf86417d919cb3d19c0e;efc6f4ff4;b2daa523a27ec0e977cc1e9ee81e971909852ba0;27e1f6fac;0;0;0;0;0;0;0;0;0;0;0;0;0;0;0;0
https://github.com/voldemort/voldemort;969bc6b4559c617126f031499871dd09311c86c7;ea59245e2;370e9e53cf3bc8dbdcff01c4ce810f78e1295e6d;04f525284;0;0;0;0;0;0;0;0;0;0;0;0;0;0;0;0
https://github.com/voldemort/voldemort;3b0211929c0c8be13cbf325e7aed303aaf916e1a;bbafb4387;04f5252845d41f86e2a828b0e92dfba85f94d39c;090985acb;0;0;0;0;0;0;0;0;0;0;0;0;0;0;0;0
https://github.com/voldemort/voldemort;ab97723dc2045d3b4267838df239fae843770bd0;320c4118d;3b0211929c0c8be13cbf325e7aed303aaf916e1a;1f412ce88;0;0;0;0;0;0;0;0;0;0;0;0;0;0;0;0
https://github.com/voldemort/voldemort;3ae9933e7e71a58a602fd02c1cbfd21682808cb2;cffd8d763;2fd35f9889875dc1f8ebc6501ed7682dfee1c131;46ab6674a;0;0;0;0;0;0;0;0;0;0;0;0;0;0;0;0
https://github.com/voldemort/voldemort;70e06f1d128a41c019296bcbedd45ebf99c3c9da;7d73231f0;d93b8da5665627c184d667a670ffeeb1dc16d576;4d2001e64;0;0;0;0;0;0;0;0;0;0;0;0;0;0;0;0
https://github.com/voldemort/voldemort;d84f12e0a99bc1be34e150f124bb980138a22d00;4a918dd11;d93b8da5665627c184d667a670ffeeb1dc16d576;4d2001e64;0;0;0;0;0;0;0;0;0;0;0;0;0;0;0;0
https://github.com/voldemort/voldemort;df8245286b29ea7a5807e699e7935a9dc048a086;31d2adb68;d93b8da5665627c184d667a670ffeeb1dc16d576;ce3d234b8;0;0;0;0;0;0;0;0;0;0;0;0;0;0;0;0
https://github.com/voldemort/voldemort;a87680cca099e160e197e0e968a7d4363446684e;31d2adb68;4d2001e642fc132fe053a47d7e2a661461d89a13;c2bdfca64;0;0;0;0;0;0;0;0;0;0;0;0;0;0;0;0
https://github.com/voldemort/voldemort;699f62b7d0572060df3c5e7017e1a9a87f41df81;1b4c57abe;31d2adb683915465b0b348e2123cf445224df899;e420db390;0;0;0;0;0;0;0;0;0;0;0;0;0;0;0;0
https://github.com/voldemort/voldemort;7893dec6db580383dac05c2dbd7c375b11e0aab9;70e06f1d1;4d2001e642fc132fe053a47d7e2a661461d89a13;6dd690ba3;0;0;0;0;0;0;0;0;0;0;0;0;0;0;0;0
https://github.com/voldemort/voldemort;48b2bffbb0e6d8230dc0005700262df18b9e2203;7893dec6d;6dd690ba3d0c010805aa6ed92a01f7e89178ef44;f15e2cdc8;0;0;0;0;0;0;0;0;0;0;0;0;0;0;0;0
https://github.com/voldemort/voldemort;edb84f614b08ceebe4bce963859dadd299505961;f67806698;31d2adb683915465b0b348e2123cf445224df899;f15e2cdc8;0;0;0;0;0;0;0;0;0;0;0;0;0;0;0;0
https://github.com/voldemort/voldemort;6cf1e0cce3b534814b093033a2e48174dc8050fd;48b2bffbb;f15e2cdc8559dfa959f322bc8280bf5c519de1aa;3b74babde;0;0;0;0;0;0;0;0;0;0;0;0;0;0;0;0
https://github.com/voldemort/voldemort;12a72ae97d065c089ff6d7ba388124d57d6e63c6;3b74babde;ce3d234b81c60baa8a6fc12078c95484afda8117;2ae78322d;0;0;0;0;0;0;0;0;0;0;0;0;0;0;0;0
https://github.com/voldemort/voldemort;e8b1c8d6775e0835863dd9a6a2d2230f86ee54f0;6cf1e0cce;3b74babdec0f66e009eb18e2fe8a5ae2b40dda49;caed939ff;0;0;0;0;0;0;0;0;0;0;0;0;0;0;0;0
https://github.com/voldemort/voldemort;1cdbe4c5d7227f0dbeafa3acb191b2302d843bd9;33d01196b;d6a50171f5a8561e5fa47aa9034bf1293ec6f8c9;caed939ff;0;0;0;0;0;0;0;0;0;0;0;0;0;0;0;0
https://github.com/voldemort/voldemort;fb1f9d0a61cccc6ecfdc1b3937d4e47db8db2a1f;450f114ee;27e1f6fac9a0750346fb442fcff60113b449f86d;caed939ff;0;0;0;0;0;0;0;0;0;0;0;0;0;0;0;0
https://github.com/voldemort/voldemort;440665755931e91fa34735db34330d27512553d0;d2b16baab;caed939ff41b0735d338348f819f22a74ebdad04;86ea8933a;0;0;0;0;0;0;0;0;0;0;0;0;0;0;0;0
https://github.com/voldemort/voldemort;753c5525a167a47b25a592fa501ca0ecb6c48945;c18858efa;fb1f9d0a61cccc6ecfdc1b3937d4e47db8db2a1f;f4122146d;0;0;0;0;0;0;0;0;0;0;0;0;0;0;0;0
https://github.com/voldemort/voldemort;d1f50ea900d5217c09d3379909ad50dca592b05f;a4ba2112c;86ea8933acb492e0db8d02bc15e4ee3f7d5aff9f;7bbd8d52e;0;0;0;0;0;0;0;0;0;0;0;0;0;0;0;0
https://github.com/voldemort/voldemort;07b11458b509780b0191c2697f7592e631d9eb00;429ee6ea9;7bbd8d52e340dd5545a196b52f650fa47e7b1ab9;cf7701947;0;0;0;0;0;0;0;0;0;0;0;0;0;0;0;0
https://github.com/voldemort/voldemort;f313532b52659f487983e1114606293c73883ab0;ed5b6217c;b2daa523a27ec0e977cc1e9ee81e971909852ba0;f4122146d;0;0;0;0;0;0;0;0;0;0;0;0;0;0;0;0
https://github.com/voldemort/voldemort;fa9f752695701156dfeb3c25558af6bd19a9c74a;34d0c0d8a;f4122146d4c2903041c2474ee09efe21087b8be9;bd9a349cd;0;0;0;0;0;0;0;0;0;0;0;0;0;0;0;0
https://github.com/voldemort/voldemort;b166e2c16c706c8efeef000f55def76bc46a1b6b;61293023f;4f722df22d3e3eadd9e34d7ae024bfd5f207cde5;dd3637987;0;0;0;0;0;0;0;0;0;0;0;0;0;0;0;0
https://github.com/voldemort/voldemort;1f704b90ad06cecfba0df3edb6d925f14352ffc0;6c955d2c5;dd36379874d9cff4a9fa7e1ab60198230b35367c;883c030fa;0;0;0;0;0;0;0;0;0;0;0;0;0;0;0;0
https://github.com/voldemort/voldemort;a647964a64c3cf1016aa8deacf7e723a46534850;382807d51;883c030fa5d71b7c72c47a3df3088bd119a1cb82;1f704b90a;0;0;0;0;0;0;0;0;0;0;0;0;0;0;0;0
https://github.com/voldemort/voldemort;86ea2b17a1a6f035cd30641388005eef5229d7fe;e8b1c8d67;caed939ff41b0735d338348f819f22a74ebdad04;fa9f75269;0;0;0;0;0;0;0;0;0;0;0;0;0;0;0;0
https://github.com/voldemort/voldemort;f92875751e9219a2146074decbc741e2d83a1d11;6d30c0c86;0f6786eb938b86f4949e78af412969149361baf9;2319440fb;0;0;0;0;0;0;0;0;0;0;0;0;0;0;0;0
https://github.com/voldemort/voldemort;d4e8ace265de9349749c7bf837dc6bc1a13b5dc8;8f6996169;2319440fb18c74b6c3ae2c3bd71eeaec78a91307;f085f1884;0;0;0;0;0;0;0;0;0;0;0;0;0;0;0;0
https://github.com/voldemort/voldemort;12848450acfd63ac4f44131264c345a858289125;7e263fe76;f085f188403b8083b0b05fbcf3d2b329bac2ace1;29a6e72b5;0;0;0;0;0;0;0;0;0;0;0;0;0;0;0;0
https://github.com/voldemort/voldemort;f3db691cf0c6cc347fcb1d6eb667d98ab308f29f;c909562a4;f085f188403b8083b0b05fbcf3d2b329bac2ace1;29a6e72b5;0;0;0;0;0;0;0;0;0;0;0;0;0;0;0;0
https://github.com/voldemort/voldemort;1c3f6735245467ab7aa1be3fcfc5e5c0e4b158c1;421e36d30;caed939ff41b0735d338348f819f22a74ebdad04;233e2d0dd;0;0;0;0;0;0;0;0;0;0;0;0;0;0;0;0
https://github.com/voldemort/voldemort;a217403fecbbd540e7536cb30cc4626eaf1ab97d;5d8be456d;29a6e72b55c4498242deb84daf7a2b84b93086e5;db4c0faea;0;0;0;0;0;0;0;0;0;0;0;0;0;0;0;0
https://github.com/voldemort/voldemort;09621045844f27142007fa0f00f94dc687e9714c;39c00ccaa;927373bab872cba5fb6aad86fb13022412d48b06;a8ed5071e;0;0;0;0;0;0;0;0;0;0;0;0;0;0;0;0
https://github.com/voldemort/voldemort;42f041942bd907a9243108948fa6995983895abf;f1cae3564;db4c0faeac2318d65c9a5fe2863f17778faf05e1;ba08dfe6a;0;0;0;0;0;0;0;0;0;0;0;0;0;0;0;0
https://github.com/voldemort/voldemort;53a4c422cca2b50909dd95071fc36b0746c7f776;0843f7066;8942921a7a499d0d3d200fc1f345fbdcb25529be;56c56942f;0;0;0;0;0;0;0;0;0;0;0;0;0;0;0;0
https://github.com/voldemort/voldemort;62278e2ea8c7725bdb380d65fc0256eaf318a15f;89ebfa0f0;ba08dfe6ad1df840389d3ac45d7660297722192f;9af5aafd3;0;0;0;0;0;0;0;0;0;0;0;0;0;0;0;0
https://github.com/voldemort/voldemort;15566568a5f6108c7096af2791618e77474cc03a;0d3e50a3d;233e2d0dd3699fbfad285d2bfdbfc579786191bd;37e2be0d7;0;0;0;0;0;0;0;0;0;0;0;0;0;0;0;0
https://github.com/voldemort/voldemort;1c8846a30b519b470bc5127e2e117c0c121bd414;4008155f4;108c448bc2c5c7406aa51da0d3faa8897089603c;249d3631b;0;0;0;0;0;0;0;0;0;0;0;0;0;0;0;0
https://github.com/voldemort/voldemort;e4a537d329f8e932750fc81385d5601a058d7895;2e97c8714;233e2d0dd3699fbfad285d2bfdbfc579786191bd;15566568a;0;0;0;0;0;0;0;0;0;0;0;0;0;0;0;0
https://github.com/voldemort/voldemort;699360582e6a4931e6e0825de1de4884ef364bc6;bd364e306;5840e366f63d50071737d758a0c3a839d535cffb;cfb8b9f10;0;0;0;0;0;0;0;0;0;0;0;0;0;0;0;0
https://github.com/voldemort/voldemort;fe5614bea5b74ff403b13eab2b38167f0f492883;15566568a;56c56942f787c4e7509539ee9e0e009d82db7d44;6293a9507;0;0;0;0;0;0;0;0;0;0;0;0;0;0;0;0
https://github.com/voldemort/voldemort;22cc1d0fde86013c69a9da7e1fc6626b8dd7f3da;fe5614bea;6293a9507132fac89d8420cdd9f8d96b7122cef9;66a2aa094;0;0;0;0;0;0;0;0;0;0;0;0;0;0;0;0
https://github.com/voldemort/voldemort;f1e5ec710bdd4d2df684932e6fe602133426c98f;22cc1d0fd;66a2aa094dcb0f55b47dd5c124b69ac9a554a8ce;47cd184bb;0;0;0;0;0;0;0;0;0;0;0;0;0;0;0;0
https://github.com/voldemort/voldemort;2a5c69145fb62d2ce0f47aac1233e98b8336827e;604acf94c;caed939ff41b0735d338348f819f22a74ebdad04;f1e5ec710;4;54;0;0;0;0;0;2;6;10;2799;400848349;235891135;0;4;0
https://github.com/voldemort/voldemort;2925d6a14647a07890f831c4111571b00712b035;edc670ab7;9af5aafd3a4d4adf84441e31c299ffc112e8bd71;49ec7b202;0;0;0;0;0;0;0;0;0;0;0;0;0;0;0;0
https://github.com/voldemort/voldemort;6af8f35157f535a7cc27633599c635b96fe594e3;d4fdede53;49ec7b202f98688b1e52fde179e0dfddc778a244;72ef04894;0;0;0;0;0;0;0;0;0;0;0;0;0;0;0;0
https://github.com/voldemort/voldemort;bfe1be7f707044f041beb0d9ed0e837edac2807e;ae6983f37;72ef04894f7569b4a4acd22dcfb31b26c9f20a91;da5122f2c;0;0;0;0;0;0;0;0;0;0;0;0;0;0;0;0
https://github.com/voldemort/voldemort;f68e3ba9b0c281a34d5ed93d994308cf126980d6;bfe1be7f7;da5122f2c37069f045c8e466e3a3f4cbdffb301a;83ebbd676;0;0;0;0;0;0;0;0;0;0;0;0;0;0;0;0
https://github.com/voldemort/voldemort;73f32a47e4e5460e57cb26f8cfa1d2d1d21c77a4;35520c33a;47cd184bbe484a06891d953cc68b8bc5fb7819c7;dd972afb5;0;0;0;0;0;0;0;0;0;0;0;0;0;0;0;0
https://github.com/voldemort/voldemort;a7a33b41f1894614e79794dfc72edf8a3892550e;53a4c422c;56c56942f787c4e7509539ee9e0e009d82db7d44;73f32a47e;0;0;0;0;0;0;0;0;0;0;0;0;0;0;0;0
https://github.com/voldemort/voldemort;9ece26ca6a638fa3e60f08197d2f3f481da6aae9;77b906f47;f1e5ec710bdd4d2df684932e6fe602133426c98f;a7a33b41f;0;0;0;0;0;0;0;0;0;0;0;0;0;0;0;0
https://github.com/voldemort/voldemort;44f4a24c650ea2b805a699858115ed35e7ad9a48;7ad2da5fb;83ebbd6768b48f19dc8b77912a718cd7040de48a;929791073;0;0;0;0;0;0;0;0;0;0;0;0;0;0;0;0
https://github.com/voldemort/voldemort;caebc54db970b68146908f769a71cde06a812bbb;e4a537d32;15566568a5f6108c7096af2791618e77474cc03a;73f32a47e;0;0;0;0;0;0;0;0;0;0;0;0;0;0;0;0
https://github.com/voldemort/voldemort;3fbd3d8411a8562fbbb868167d6ca1548e852d8c;db4212daa;929791073d372a510d49d2e97e9d0905b14125b2;21f8287e1;0;0;0;0;0;0;0;0;0;0;0;0;0;0;0;0
https://github.com/voldemort/voldemort;ddbba4da458264f7bdcbae30443321ca86a283d1;befa40574;21f8287e12013ca09bf2889afc9f8605dc3dd0ab;047312afd;0;0;0;0;0;0;0;0;0;0;0;0;0;0;0;0
https://github.com/voldemort/voldemort;e620f77898bc836a3c93871285b19cbf81cec45c;ddbba4da4;047312afd3c7a85226b7ae2dac79765737061883;69be41170;0;0;0;0;0;0;0;0;0;0;0;0;0;0;0;0
https://github.com/voldemort/voldemort;2c25d84381f661833d9bbbb476fe155f253f39cd;1b0196d21;a48ac00617188a5ca4fae91f04d722c05fad0131;d9c194c0d;0;0;0;0;0;0;0;0;0;0;0;0;0;0;0;0
https://github.com/voldemort/voldemort;25ddea3ffc1f2931b5a3e11bc0f33144d6330cd6;2c25d8438;a48ac00617188a5ca4fae91f04d722c05fad0131;a0e207d40;0;0;0;0;0;0;0;2;1;1;74;155370448;-759998679;0;0;0
https://github.com/voldemort/voldemort;720be04cd0532a0ccf1471177aa36bb2ed1f94ae;2c168c7a2;25ddea3ffc1f2931b5a3e11bc0f33144d6330cd6;059ac3b78;0;0;0;0;0;0;0;0;0;0;0;0;0;0;0;0
https://github.com/voldemort/voldemort;1f6a81745483ef62c654d09810749809563457ea;925cc615b;059ac3b78edd3f913e512eefbb4d7ede0476633e;2a21f0722;0;0;0;0;0;0;0;0;0;0;0;0;0;0;0;0
https://github.com/voldemort/voldemort;f0561023d2d7a2e9d6e920e71c674ab4a0b97da4;1f6a81745;2a21f0722ec04fe26f2832f34abd3db4a012dd6e;a0002a252;0;0;0;0;0;0;0;0;0;0;0;0;0;0;0;0
https://github.com/voldemort/voldemort;4bff8027f67df7feb14edd48a82ffe980f6135aa;954e0d4c5;73f32a47e4e5460e57cb26f8cfa1d2d1d21c77a4;7de50700c;0;0;0;0;0;0;0;0;0;0;0;0;0;0;0;0
https://github.com/voldemort/voldemort;d1139be86192703a1c24204cde4133ce8dc8ea9f;f0561023d;a0002a2522309d4e4bd8e7d4bf3e43545cd6d5c5;9febb9f6f;0;0;0;0;0;0;0;0;0;0;0;0;0;0;0;0
https://github.com/voldemort/voldemort;5aa085ece8038920a8264bafb8f78063d0194ca1;b00c12e43;9febb9f6f7b603c3253c64a5c70ff9f1970b76a2;aaa5ff5a1;0;0;0;0;0;0;0;0;0;0;0;0;0;0;0;0
https://github.com/voldemort/voldemort;3746ed76b0e0b25df8e687a17e2b7f0d1057317d;15bd2eb59;aaa5ff5a126d057b77fe815d4750aafcf538e1e7;16934de65;0;0;0;0;0;0;0;0;0;0;0;0;0;0;0;0
https://github.com/voldemort/voldemort;8b21714c693bb971f075162d4bbbf24102600aae;7b6eee6c8;16934de6589a0a997a717635daa0a6e0113d9406;4e6992d16;0;0;0;0;0;0;0;0;0;0;0;0;0;0;0;0
https://github.com/voldemort/voldemort;20c64972e460c19863cd70a522b97355ecd106de;cdf2d9712;4e6992d168a9f2107bbba298d1f6513c6e9176a5;9c35a4a25;0;0;0;0;0;0;0;0;0;0;0;0;0;0;0;0
https://github.com/voldemort/voldemort;aa5715ceb76f00911da0975005c1f7b79d75584f;cdf2d9712;4e6992d168a9f2107bbba298d1f6513c6e9176a5;9c35a4a25;0;0;0;0;0;0;0;0;0;0;0;0;0;0;0;0
https://github.com/voldemort/voldemort;1ec9e16e615d1b40919b1f19a53883572780ca2d;aa5715ceb;cdf2d9712e9f46605dafdc9691207a964025bcd8;d9f32679b;0;0;0;0;0;0;0;0;0;0;0;0;0;0;0;0
https://github.com/voldemort/voldemort;6c8e5e017f3e89a93beffd8a754dcc5d2024eaa7;e3c266c22;7de50700c84920e301972ef1e414fdf8538c21d8;7763aabd2;0;0;0;0;0;0;0;0;0;0;0;0;0;0;0;0
https://github.com/voldemort/voldemort;08b31c046b8be4c54d73bb109685d2dbba0f3a44;f77be6f06;73f32a47e4e5460e57cb26f8cfa1d2d1d21c77a4;7763aabd2;10;89;0;0;0;0;0;4;3;4;9369;454295324;-217846584;0;0;1
https://github.com/voldemort/voldemort;cf8adb6763183536c8bde50d29e6d03975cfdbfb;6c8e5e017;8c7ee59a4487284786a9f5a5d437bdb40a4bf3b1;7d0668755;0;0;0;0;0;0;0;0;0;0;0;0;0;0;0;0
https://github.com/voldemort/voldemort;88bd65909b82b75247ce50f1f7cb12d3cd9e3c50;d04571028;7763aabd2c880c29c8647efa72edfebd74f83a12;b76b3f665;0;0;0;0;0;0;0;0;0;0;0;0;0;0;0;0
https://github.com/voldemort/voldemort;bdc4b8e355d86adc87f528a86631a1dbcf73da6d;88bd65909;75f3f1a4a15151eb47bc9e5f59d02e80504ecd2c;d604e60bb;0;0;0;0;0;0;0;0;0;0;0;0;0;0;0;0
https://github.com/voldemort/voldemort;36575a5fcedc8c1f32033b23c7a23d9584b7665b;5e8b86dca;6c8e5e017f3e89a93beffd8a754dcc5d2024eaa7;bdc4b8e35;0;0;0;0;0;0;0;0;0;0;0;0;0;0;0;0
https://github.com/voldemort/voldemort;9e4ca1fefec45a30d6089e7c3087fd0eb7c454a4;e44cf611e;bdc4b8e355d86adc87f528a86631a1dbcf73da6d;36575a5fc;0;0;0;0;0;0;0;0;0;0;0;0;0;0;0;0
https://github.com/voldemort/voldemort;4460aa6dfeec17a81178e19eae4135dbac446dc3;7f26355f3;9e4ca1fefec45a30d6089e7c3087fd0eb7c454a4;371b201dc;0;0;0;0;0;0;0;0;0;0;0;0;0;0;0;0
https://github.com/voldemort/voldemort;4e1c91177633e6f56b03a77bf2d6aa0cff20801d;4b0c40bea;371b201dc23be19d67954493ad2343d017f4e1f0;4460aa6df;0;0;0;0;0;0;0;0;0;0;0;0;0;0;0;0
https://github.com/voldemort/voldemort;454597def7d70a549db89e2bba9c4809582d75d0;33d85e25c;8830901c94e0bad3b38a08e9f366c2185a0466e0;c3e93f8e5;0;0;0;0;0;0;0;0;0;0;0;0;0;0;0;0
https://github.com/voldemort/voldemort;2db079513b2849316d17ddf5f251abb45fe52390;54e5737b9;4460aa6dfeec17a81178e19eae4135dbac446dc3;454597def;0;0;0;0;0;0;0;0;0;0;0;0;0;0;0;0
https://github.com/voldemort/voldemort;d9d93c5fb6a8d60c085d18ba0d42e4753ea30d60;54e5737b9;4460aa6dfeec17a81178e19eae4135dbac446dc3;c3e93f8e5;0;0;0;0;0;0;0;0;0;0;0;0;0;0;0;0
https://github.com/voldemort/voldemort;7ac70defbfc1e71180a5404e00837a8bb45f4f83;d9d93c5fb;c3e93f8e5052c35893ecd4d8290ec45e6edacb54;2db079513;0;0;0;0;0;0;0;0;0;0;0;0;0;0;0;0
https://github.com/voldemort/voldemort;c65f149012d83e49e9a7cc3226358b877698ece1;4cd01ca9b;2db079513b2849316d17ddf5f251abb45fe52390;a20872abb;0;0;0;0;0;0;0;0;0;0;0;0;0;0;0;0
https://github.com/voldemort/voldemort;edd94e27f5d638de55ca6f6fe3f46d3172a46494;abb8947e6;8830901c94e0bad3b38a08e9f366c2185a0466e0;f28781d6b;0;0;0;0;0;0;0;0;0;0;0;0;0;0;0;0
https://github.com/voldemort/voldemort;af23673897bf1b41dd2a2279d71e73a6ce524e99;c65f14901;a20872abb3bba5b1882751496c38a1f82e8bce32;b32149627;0;0;0;0;0;0;0;0;0;0;0;0;0;0;0;0
https://github.com/voldemort/voldemort;89ef518074a4cc4c610120a435829665a495390d;25b908426;c65f149012d83e49e9a7cc3226358b877698ece1;af2367389;0;0;0;0;0;0;0;0;0;0;0;0;0;0;0;0
https://github.com/voldemort/voldemort;286b29af8010ed0c01bf296fd1612b5b42d3acbb;af2367389;8830901c94e0bad3b38a08e9f366c2185a0466e0;d366f146e;0;0;0;0;0;0;0;0;0;0;0;0;0;0;0;0
https://github.com/voldemort/voldemort;44f1162f18f79cebeb0a675247c21aa0e1850e90;e153bcf8b;af23673897bf1b41dd2a2279d71e73a6ce524e99;b14fa21c3;0;0;0;0;0;0;0;0;0;0;0;0;0;0;0;0
https://github.com/voldemort/voldemort;66c832316ae93188b53b961fdd9fd8b15790397c;d3d7581f2;89ef518074a4cc4c610120a435829665a495390d;09037a938;0;0;0;0;0;0;0;0;0;0;0;0;0;0;0;0
https://github.com/voldemort/voldemort;6e74d62a8e52f60cdfc5a2eefd49bf2306a7587c;7ad319a42;09037a93856fee0489a3fe0431a33bb041f91420;b047812a9;0;0;0;0;0;0;0;0;0;0;0;0;0;0;0;0
https://github.com/voldemort/voldemort;9957276d96ba6e2f9bded3f90275fbb1809fb374;6e74d62a8;b047812a9ff3681597bb699a59365edc558c8ec0;fb347bfa6;0;0;0;0;0;0;0;0;0;0;0;0;0;0;0;0
https://github.com/voldemort/voldemort;ac7dfd098dbe1ffd661d53c1b18bf1c0e9f48612;9957276d9;fb347bfa65c2b153cbe19cda25b003529e3a8975;c86482c9b;0;0;0;0;0;0;0;0;0;0;0;0;0;0;0;0
https://github.com/voldemort/voldemort;3b5c3c22538b7832dc4eda96c0f6747eb67dcfe2;4fd6333fd;8830901c94e0bad3b38a08e9f366c2185a0466e0;f3d9cd882;0;0;0;0;0;0;0;0;0;0;0;0;0;0;0;0
https://github.com/voldemort/voldemort;43f8921111208659bf7edbfd4385e21fc581c326;3b5c3c225;4fd6333fd23f4c9553a18f5aeba84b2143852aa9;2867c0976;0;0;0;0;0;0;0;0;0;0;0;0;0;0;0;0
https://github.com/voldemort/voldemort;e05eaaff999cc2f063a8af2626e1ff2657b54de1;bffb397be;f28781d6b1479791f77a93a5dcf86401032ffbcc;43f892111;0;0;0;0;0;0;0;0;0;0;0;0;0;0;0;0
https://github.com/voldemort/voldemort;fa8abc461690a0f0d27e166acb813b528cd93f83;86ea2b17a;fa9f752695701156dfeb3c25558af6bd19a9c74a;8942921a7;0;0;0;0;0;0;0;0;0;0;0;0;0;0;0;0
https://github.com/voldemort/voldemort;807f833baa6c49cf00e770f4fe587ee90beda839;fa8abc461;8942921a7a499d0d3d200fc1f345fbdcb25529be;e05eaaff9;0;0;0;0;0;0;0;0;0;0;0;0;0;0;0;0
https://github.com/voldemort/voldemort;d5ad745f4ee7adcd2e484f18f25c48a650532644;c8ee06d7f;428f6d11e9536fb4275b5812cbc50652792363c6;6f6276c34;0;0;0;0;0;0;0;0;0;0;0;0;0;0;0;0
https://github.com/voldemort/voldemort;68feb27dec7e6940afa61f086fa311adb762a226;9dce097af;43f8921111208659bf7edbfd4385e21fc581c326;d5ad745f4;0;0;0;0;0;0;0;0;0;0;0;0;0;0;0;0
https://github.com/voldemort/voldemort;75922bcd32d81d0219d6d62fa42bf5ca8d107398;68feb27de;2867c0976dcc34ddf07d2be657094d8ac5a1e60a;d2caede35;0;0;0;0;0;0;0;0;0;0;0;0;0;0;0;0
https://github.com/voldemort/voldemort;4e90bb1586ba1a173ceda58b79b9cc0fc073cc6f;d5ad745f4;2867c0976dcc34ddf07d2be657094d8ac5a1e60a;d2caede35;0;0;0;0;0;0;0;0;0;0;0;0;0;0;0;0
https://github.com/voldemort/voldemort;5bf107a36354280ad888feac0bc222a99a4f9711;75922bcd3;d2caede35b6687082ce7339bac10549dd1804f01;2b0efa0e5;0;0;0;0;0;0;0;0;0;0;0;0;0;0;0;0
https://github.com/voldemort/voldemort;76b53ff04a40ae3afaad812df39d57664c2cc6e6;5bf107a36;e05eaaff999cc2f063a8af2626e1ff2657b54de1;807f833ba;0;0;0;0;0;0;0;0;0;0;0;0;0;0;0;0
https://github.com/voldemort/voldemort;0f9eda70fe40563c524931e852b1589a3b6e23a8;807f833ba;e05eaaff999cc2f063a8af2626e1ff2657b54de1;3ad9a5a38;0;0;0;0;0;0;0;0;0;0;0;0;0;0;0;0
https://github.com/voldemort/voldemort;3b6de909144d9379de0e250ca4f3fe0481937e99;0f9eda70f;3ad9a5a38c70a89cd105fb84afd53e0385beee23;4ade916cc;0;0;0;0;0;0;0;0;0;0;0;0;0;0;0;0
https://github.com/voldemort/voldemort;3ae51a0127aca8800ac8f27544cd2baa38d86464;3b6de9091;4ade916cc3f0cfbd6cdd36f2b3c47b5a2426f564;0dfb70b7d;0;0;0;0;0;0;0;0;0;0;0;0;0;0;0;0
https://github.com/voldemort/voldemort;1486c164492ed83cc6a318d9cc0fa9b12503d49b;8974ed6ac;2b0efa0e5d8beb20eb62c9c83034b7b34c265e4f;b0407abf5;0;0;0;0;0;0;0;0;0;0;0;0;0;0;0;0
https://github.com/voldemort/voldemort;ae6df5e432eae7e172685166fe2b813ca51c9814;8033cf0a4;2b0efa0e5d8beb20eb62c9c83034b7b34c265e4f;0dfb70b7d;0;0;0;0;0;0;0;0;0;0;0;0;0;0;0;0
https://github.com/voldemort/voldemort;0852fcb5b011eb91bfce62cb2617fe5c8ab36a8f;549f4e2a3;4e90bb1586ba1a173ceda58b79b9cc0fc073cc6f;b6b77655f;0;0;0;0;0;0;0;0;0;0;0;0;0;0;0;0
https://github.com/voldemort/voldemort;c9af7b2ae895f0aee34a6fc9d0e3ae110ba230b4;0852fcb5b;0dfb70b7d01809cc25b5a83b5e24043b59841152;df8f8b9da;0;0;0;0;0;0;0;0;0;0;0;0;0;0;0;0
https://github.com/voldemort/voldemort;1f1d05f4e817dcdbd110f56b028ea341f933512b;c9af7b2ae;0dfb70b7d01809cc25b5a83b5e24043b59841152;ae6df5e43;0;0;0;0;0;0;0;0;0;0;0;0;0;0;0;0
https://github.com/voldemort/voldemort;371ae3b26d315d0abc80b79eb378da94e6a2088b;fb647daad;0dfb70b7d01809cc25b5a83b5e24043b59841152;c9af7b2ae;0;0;0;0;0;0;0;0;0;0;0;0;0;0;0;0
https://github.com/voldemort/voldemort;daa286ed4cc6c1d78072592a5b46abb092a8d655;54c90faff;c9af7b2ae895f0aee34a6fc9d0e3ae110ba230b4;1f1d05f4e;0;0;0;0;0;0;0;0;0;0;0;0;0;0;0;0
https://github.com/voldemort/voldemort;c499c66a0e855529d6ad372e6e2cfef99dc43c9d;daa286ed4;1f1d05f4e817dcdbd110f56b028ea341f933512b;681795710;0;0;0;0;0;0;0;0;0;0;0;0;0;0;0;0
https://github.com/voldemort/voldemort;e62c9ec3764925a1a87c9d4d9619817d96452550;c2edaaa09;681795710bc2bf63497a5780db242b4ab18a6d13;d5ea5a555;0;0;0;0;0;0;0;0;0;0;0;0;0;0;0;0
https://github.com/voldemort/voldemort;9365e1605e73764a3e435884872c4cb96ddb4454;0516af282;d5c744219ef575e70a2871145cff8f172d1ee873;5755cdfcf;0;0;0;0;0;0;0;0;0;0;0;0;0;0;0;0
https://github.com/voldemort/voldemort;9aff7efc0be950218297aec60daad4fe88ea08fe;b3b7b43e9;5755cdfcf519a4e571ee6185c45e01820211f0d4;7355a99f3;0;0;0;0;0;0;0;0;0;0;0;0;0;0;0;0
https://github.com/voldemort/voldemort;5a26383aff3e510eca55efe9a106d65bbbb4efae;4b99e6702;5755cdfcf519a4e571ee6185c45e01820211f0d4;9365e1605;0;0;0;0;0;0;0;0;0;0;0;0;0;0;0;0
https://github.com/voldemort/voldemort;89cadb49a81b8ce1a971757dd4e6cecff5855d08;6ff946e22;27b5df8472ca407b13f94eefbc6e6a27f616c1eb;d2c8824e1;0;0;0;0;0;0;0;0;0;0;0;0;0;0;0;0
https://github.com/voldemort/voldemort;ed2489476d6d305f539a7523cc2a7941aed82868;89cadb49a;9365e1605e73764a3e435884872c4cb96ddb4454;b3683e1d8;0;0;0;0;0;0;0;0;0;0;0;0;0;0;0;0
https://github.com/voldemort/voldemort;4fa61a9b8212655300ab78a4fe0ef4c997337e1d;2c7ae4510;b4a202a5a0c5459f72acb672197b0ad57b3413d4;6af5d2fdf;0;0;0;0;0;0;0;0;0;0;0;0;0;0;0;0
https://github.com/voldemort/voldemort;3e2c9de02c714e4a787b9d6d6d34119eefc42c56;e219ac64c;0dfb70b7d01809cc25b5a83b5e24043b59841152;f01909247;0;0;0;0;0;0;0;0;0;0;0;0;0;0;0;0
https://github.com/voldemort/voldemort;f748dd9a514fb29f62cc02f85892ea818cf47008;e7c10f36d;e219ac64cfc2caf9ebbf4b3dea95a3c29d32202b;d0745eed0;0;0;0;0;0;0;0;0;0;0;0;0;0;0;0;0
https://github.com/voldemort/voldemort;68bfff1cc76064eb0c71e35901ea175ad74fcad8;aa935405e;e219ac64cfc2caf9ebbf4b3dea95a3c29d32202b;9db25dbca;0;0;0;0;0;0;0;0;0;0;0;0;0;0;0;0
https://github.com/voldemort/voldemort;b9b300155f2eaacdac2e2ce795df470f2a4a6445;68bfff1cc;f748dd9a514fb29f62cc02f85892ea818cf47008;41e1c17ac;0;0;0;0;0;0;0;0;0;0;0;0;0;0;0;0
https://github.com/voldemort/voldemort;149eb6d540056d00f1aa011d1a13b19d94b6c91a;33b5e934f;68bfff1cc76064eb0c71e35901ea175ad74fcad8;b9b300155;0;0;0;0;0;0;0;0;0;0;0;0;0;0;0;0
https://github.com/voldemort/voldemort;eb9c4f960969ec9a71a66a958da0e0ecd22e45c7;98fc36880;149eb6d540056d00f1aa011d1a13b19d94b6c91a;5c596e696;0;0;0;0;0;0;0;0;0;0;0;0;0;0;0;0
https://github.com/voldemort/voldemort;59459b29e05b47fc297e63e46dc4e1e2980ce62a;7285b7efe;e5da83b675e1c32ad8e1d8264d047210d7d90dcf;b4811d1a6;0;0;0;0;0;0;0;0;0;0;0;0;0;0;0;0
https://github.com/voldemort/voldemort;d07b2cdf0d6e80719cacbda8419cd2e237d84535;dedf24945;d6bd2309860d74f351296c1aab51db4a3f8d2ee4;fc1e97ee1;0;0;0;0;0;0;0;0;0;0;0;0;0;0;0;0
https://github.com/voldemort/voldemort;4c13d6ac8ee5717e65f3ed1a9f23eaa3d9973e6d;5fa00864d;d687031c97e45554a54659f98e422ac32557547f;368f2c4dc;0;0;0;0;0;0;0;0;0;0;0;0;0;0;0;0
https://github.com/voldemort/voldemort;20e522e2048f2825d17dd5b34796bbc4478482a6;56c93558b;5bc56f724d2f899b0da38a5c1d97e0c784c153de;43f3d47d2;0;0;0;0;0;0;0;0;0;0;0;0;0;0;0;0
https://github.com/voldemort/voldemort;a1c9685e2a97a92b26c2926325e470bda89232dd;0d53b8206;20e522e2048f2825d17dd5b34796bbc4478482a6;dca5dc357;0;0;0;0;0;0;0;0;0;0;0;0;0;0;0;0
https://github.com/voldemort/voldemort;6b04e45910bb84b841575d77e416157d9e174976;7c0110599;5bc56f724d2f899b0da38a5c1d97e0c784c153de;a1c9685e2;0;0;0;0;0;0;0;0;0;0;0;0;0;0;0;0
https://github.com/voldemort/voldemort;706c88dec5656ccd56f2b5c892ec025e0f928222;b0f6d6582;dca5dc357e4e894ca8930af19209225339ab3d45;92b1a1b6d;0;0;0;0;0;0;0;0;0;0;0;0;0;0;0;0
https://github.com/voldemort/voldemort;460e33d6a5de9ce6697c3b9d96c00edafd6f0217;d31b3d485;92b1a1b6d840bbdc2653c38b094eda3007584fd3;fc05a682d;0;0;0;0;0;0;0;0;0;0;0;0;0;0;0;0
https://github.com/voldemort/voldemort;ede305cbce40467b5667f64609814a5c02233e0d;c0aef39ec;92b1a1b6d840bbdc2653c38b094eda3007584fd3;955176ca7;0;0;0;0;0;0;0;0;0;0;0;0;0;0;0;0
https://github.com/voldemort/voldemort;77da329aa67bdefa11a8b3f93e74267dd9e80917;6c05f1078;955176ca72ac654c175bc68ef56fcb50156482a3;497c4cb8f;0;0;0;0;0;0;0;0;0;0;0;0;0;0;0;0
https://github.com/voldemort/voldemort;26ae5b949e1b8d8c1b3e5f23fcea22663540c277;83b58d70b;955176ca72ac654c175bc68ef56fcb50156482a3;a53341a8c;0;0;0;0;0;0;0;0;0;0;0;0;0;0;0;0
https://github.com/voldemort/voldemort;aeb05f501d34ffd070fd09b7558347c58da8de7a;26ae5b949;83b58d70beefe9c68c553f7433a107bab4f6f3d5;3841c7490;0;0;0;0;0;0;0;0;0;0;0;0;0;0;0;0
https://github.com/voldemort/voldemort;ebcbd5c6020cfa953ee51176d7c45aeff5463a7c;aeb05f501;26ae5b949e1b8d8c1b3e5f23fcea22663540c277;10b8628ac;0;0;0;0;0;0;0;0;0;0;0;0;0;0;0;0
https://github.com/voldemort/voldemort;494d49bd1ff40d6f215c8257abb9b4a3fc61286c;d74a474c9;810919965b393a691332caf47a490186f63694df;0b2ef083f;0;0;0;0;0;0;0;0;0;0;0;0;0;0;0;0
https://github.com/voldemort/voldemort;eb5dcb6e37dafec11eada9fed2aa315787c8f770;07493fd2f;810919965b393a691332caf47a490186f63694df;494d49bd1;0;0;0;0;0;0;0;0;0;0;0;0;0;0;0;0
https://github.com/voldemort/voldemort;2b0bee611af6e4a49e854088cfd36f30e1dd7378;37986094c;eb5dcb6e37dafec11eada9fed2aa315787c8f770;3363fcc5d;0;0;0;0;0;0;0;0;0;0;0;0;0;0;0;0
https://github.com/voldemort/voldemort;e5a49a216badbe7bbc445ae94d48e653f23e488d;a3d714263;497c4cb8ffd6ef63a4f263ce62441b20a2279808;bd11b4603;0;0;0;0;0;0;0;0;0;0;0;0;0;0;0;0
https://github.com/voldemort/voldemort;6e2866c9f24072c3714c9083350c80a37dc767f3;f37b6e2d5;99468d42788e9d3a02e8bfc281e7a466310d7f9e;bd11b4603;0;0;0;0;0;0;0;0;0;0;0;0;0;0;0;0
https://github.com/voldemort/voldemort;65b2b383dcb7a2b6fc61d91f0a764a3a1bd51124;148a4dfe4;a3092f629356afd783941d01742562f3fd9fdfcf;7619869df;0;0;0;0;0;0;0;0;0;0;0;0;0;0;0;0
https://github.com/voldemort/voldemort;edb7cf51d30e98fe3af95b55bc577bddeff7d2f2;c75bafc11;7619869dfc66b1c80b4ee2b3af64c50732dbc3b6;4baec2d93;0;0;0;0;0;0;0;0;0;0;0;0;0;0;0;0
https://github.com/voldemort/voldemort;2f5deff40353761d74b4255847b138a1bc324af5;26a2b24b7;edb7cf51d30e98fe3af95b55bc577bddeff7d2f2;3e197fb6f;0;0;0;0;0;0;0;0;0;0;0;0;0;0;0;0
https://github.com/voldemort/voldemort;6040ffcc5de204fabcf6094d1a404bb2f4a405a4;e5a49a216;bd11b46035fb88249fea34185d9e8336b7e73115;2f5deff40;0;0;0;0;0;0;0;0;0;0;0;0;0;0;0;0
https://github.com/voldemort/voldemort;17b18a02388a66c92cf360107aa0955dc062c234;e03d78c66;2f5deff40353761d74b4255847b138a1bc324af5;8ada0e308;0;0;0;0;0;0;0;0;0;0;0;0;0;0;0;0
https://github.com/voldemort/voldemort;1910a3ea2b146d707e2a35b4053c774129c8538e;b59a6eaae;2f5deff40353761d74b4255847b138a1bc324af5;8ada0e308;0;0;0;0;0;0;0;0;0;0;0;0;0;0;0;0
https://github.com/voldemort/voldemort;1065da5249c965ad7e523ebba8fce04900194b4e;83bfb9ce1;8ada0e308aab572ed9976628628cfaa9dc12084b;f9687d62f;0;0;0;0;0;0;0;0;0;0;0;0;0;0;0;0
https://github.com/voldemort/voldemort;8d6f4fadcea8333c562445912426226587b3312b;e88d32d42;f9687d62fe65eb5a97d8aba71597daa43c8962ce;9509899cf;0;0;0;0;0;0;0;0;0;0;0;0;0;0;0;0
https://github.com/voldemort/voldemort;683873e458603c4a44c8eb152239dd3153db8969;994c51bd6;217c9bcde80828e0ce624107d0111e6d42be6762;3ba4e3534;0;0;0;0;0;0;0;0;0;0;0;0;0;0;0;0
https://github.com/voldemort/voldemort;8bea392a5ffd60b9928527e2789696bf1b9fb545;0209a40ed;3ba4e3534c671d3e1808d804d683abe367b3e413;683873e45;0;0;0;0;0;0;0;0;0;0;0;0;0;0;0;0
https://github.com/voldemort/voldemort;d58eff0cb0fcf1b0e5ca458d11207c52790ef869;b639688d1;683873e458603c4a44c8eb152239dd3153db8969;60d5087aa;0;0;0;0;0;0;0;0;0;0;0;0;0;0;0;0
https://github.com/voldemort/voldemort;3ac79466607482b230458966beb5ba16570d0501;6f1cf577b;4aa16019d2b7d8f988a9bc6d4043efd9072de976;042da34a6;0;0;0;0;0;0;0;0;0;0;0;0;0;0;0;0
https://github.com/voldemort/voldemort;01329de250e783510f78b6225e3f6199dcc6d83b;13fbb1df9;491be7b93b61e3a7aa1f3719cb3994906a0122b8;8c7246469;0;0;0;0;0;0;0;0;0;0;0;0;0;0;0;0
https://github.com/voldemort/voldemort;b11123c7fbc570b38273f333027862dc828af828;01329de25;8c72464692e4db19e09221a50f38125b09f874dc;e12fd4986;0;0;0;0;0;0;0;0;0;0;0;0;0;0;0;0
https://github.com/voldemort/voldemort;bcf4b413b41005416449852f5610f9185a260bfc;61f4d167b;e12fd4986f233c04f70ea84d6cb5ae08e42600b4;1f21e507f;0;0;0;0;0;0;0;0;0;0;0;0;0;0;0;0
https://github.com/voldemort/voldemort;d72e37fbaae213f01047cf9598e63b7c3f286848;471702074;1f21e507ffd56dd419fd70e38c09fc23179131cb;a24eb465f;0;0;0;0;0;0;0;0;0;0;0;0;0;0;0;0
https://github.com/voldemort/voldemort;9702607f6213cf072715080ff7e08eccb4fad3cc;566b4bc71;042da34a6940d1a2fa20db59331a347da16d4a9e;01fad80c8;0;0;0;0;0;0;0;0;0;0;0;0;0;0;0;0
https://github.com/voldemort/voldemort;1f0db5f73a2b0cd4bcedc5e9077f201f038abfe3;d55c7713d;a24eb465fc69b9a57f8f1bc876695c0b94d350f0;6efd96c56;0;0;0;0;0;0;0;0;0;0;0;0;0;0;0;0
https://github.com/voldemort/voldemort;2e6afb2ee0583fba72d76f49d8e04a10b734f7a7;098653456;4e444b9326ae8ef499d344261bcf00122c960c74;b9e135dd1;0;0;0;0;0;0;0;0;0;0;0;0;0;0;0;0
https://github.com/voldemort/voldemort;be0f1a845a5c23532571f8f9cc998e17e2918a08;cc749c73f;2100b2050184ef354ff156fcb3319d4392af192d;dba178665;0;0;0;0;0;0;0;0;0;0;0;0;0;0;0;0
https://github.com/voldemort/voldemort;a4e1ba21fa6c6628528af81588046179e1950b36;d00bf6ea0;be0f1a845a5c23532571f8f9cc998e17e2918a08;6a899cd17;0;0;0;0;0;0;0;0;0;0;0;0;0;0;0;0
https://github.com/voldemort/voldemort;c45ab31e65ec7fd5fa854e87e87d48f83f3a5f4f;06be27c2a;edc7f3a74f5545817edcb339f65ee5179dd7b791;36bd7f12e;0;0;0;0;0;0;0;0;0;0;0;0;0;0;0;0
https://github.com/voldemort/voldemort;23c9b2888891447daa5f3376d7935a9f3981a962;17adc13c7;f5e6c7f78476dc230d619ae9949dbe6e3c005e15;ededaf485;0;0;0;0;0;0;0;0;0;0;0;0;0;0;0;0
https://github.com/voldemort/voldemort;3a5713a56b3d5cfd333ff76bb6bc0d3ac8172e9d;06bb3ef5f;36bd7f12e0fb0b875ee19fb57beb274052a3cdd2;83e2957a5;0;0;0;0;0;0;0;0;0;0;0;0;0;0;0;0
https://github.com/voldemort/voldemort;c9f259ac179661d0f4744854aa40f3ed14f3cb38;a5fc07d4d;ededaf4851146437700ca8df6a3e98884598e438;67443e6dd;0;0;0;0;0;0;0;0;0;0;0;0;0;0;0;0
https://github.com/voldemort/voldemort;b6266cdebadf1c9b53440f62a35ef5ed333faa20;46a88297f;a5fc07d4dd9118832d08f22cde259bb43bccd5d3;012ba093e;0;0;0;0;0;0;0;0;0;0;0;0;0;0;0;0
https://github.com/voldemort/voldemort;b87a99f1af09c9fd9efe02cd06a83e769958a7c4;f8849e527;826b9347679465891b775fc72d50c04b38c46f5b;9c679202c;0;0;0;0;0;0;0;0;0;0;0;0;0;0;0;0
https://github.com/voldemort/voldemort;d4ed7f7b169a8ef45d185b384542f3bdf65d426e;1cb553e00;c7eb984743c3f73de1a0336c0fb2d2531efcdef7;e846df202;0;0;0;0;0;0;0;0;0;0;0;0;0;0;0;0
https://github.com/voldemort/voldemort;051ba547009d44e05472350c3c5eae6c3b3ad027;d4ed7f7b1;826b9347679465891b775fc72d50c04b38c46f5b;98e70c50d;0;0;0;0;0;0;0;0;0;0;0;0;0;0;0;0
https://github.com/voldemort/voldemort;b7640a0ad38a10f06c0256ef211352f9f5f023f5;051ba5470;98e70c50d75e5797b1ae2db8f25153566f7f4741;47a304b15;0;0;0;0;0;0;0;0;0;0;0;0;0;0;0;0
https://github.com/voldemort/voldemort;57d028319e860fe162733071fd172f2d6384bd91;4157f74bc;36bd7f12e0fb0b875ee19fb57beb274052a3cdd2;47a304b15;0;0;0;0;0;0;0;0;0;0;0;0;0;0;0;0
https://github.com/voldemort/voldemort;3d6209ed648cdeacd4df3f7cdd970462a63b2b8b;a1be5c617;47a304b150f0712eec1946b79b571c1e63b8c126;05721d7d7;0;0;0;0;0;0;0;0;0;0;0;0;0;0;0;0
https://github.com/voldemort/voldemort;1ea0b6a529ecf8fb77596fd2d64abf8292d2f3e0;c6a903447;3d6209ed648cdeacd4df3f7cdd970462a63b2b8b;23b700148;0;0;0;0;0;0;0;0;0;0;0;0;0;0;0;0
https://github.com/voldemort/voldemort;b46181471995a42b7c2c5a9f214bb693b5e3108e;12b94d049;3d6209ed648cdeacd4df3f7cdd970462a63b2b8b;1ea0b6a52;0;0;0;0;0;0;0;0;0;0;0;0;0;0;0;0
https://github.com/voldemort/voldemort;4dea7eb3ce91c450fabf5ee1590c2f437f4ad3ab;78ad6f2a6;980885f007856c52003cd9ddffbc313649b066d8;8bd8f0435;0;0;0;0;0;0;0;0;0;0;0;0;0;0;0;0
https://github.com/voldemort/voldemort;ed4306c2f254541278eacc95a400d7cef7f64bac;d3a06b5ba;3d6209ed648cdeacd4df3f7cdd970462a63b2b8b;f92c899dd;0;0;0;0;0;0;0;0;0;0;0;0;0;0;0;0
https://github.com/voldemort/voldemort;67942401e64232ce09052503ac9877c8fe707a7b;ed4306c2f;f92c899dd093cdfd488922af6364999f6e99e923;6fa13b108;0;0;0;0;0;0;0;0;0;0;0;0;0;0;0;0
https://github.com/voldemort/voldemort;0f08b3cd413cfd287b670a2e29e3b4f9b4a6edd4;67942401e;1ea0b6a529ecf8fb77596fd2d64abf8292d2f3e0;b46181471;0;0;0;0;0;0;0;0;0;0;0;0;0;0;0;0
https://github.com/voldemort/voldemort;e8672123ee99e998f6151ba559745cf3dfbf84e1;db422b68b;6fa13b108a5bcff20a5ab1f0a27c08f383b59d9a;258f15d8c;0;0;0;0;0;0;0;0;0;0;0;0;0;0;0;0
https://github.com/voldemort/voldemort;3f93110d9271126dfe0149b59f3f552357e94abe;8bd8f0435;f92c899dd093cdfd488922af6364999f6e99e923;e8672123e;0;0;0;0;0;0;0;0;0;0;0;0;0;0;0;0
https://github.com/voldemort/voldemort;045adf6060dbe9062c40cb6bf9cb046c30c713d9;b1eb9ba39;152a519d89d092bbb862bf3cda98d9e24e4d125d;d3985cdf2;0;0;0;0;0;0;0;0;0;0;0;0;0;0;0;0
https://github.com/voldemort/voldemort;0c46f672d25479c46e9f5be10367da0966e6f69c;90904276e;d3985cdf2a8030499e9beef851148aa6f3d91b41;899b53ddd;0;0;0;0;0;0;0;0;0;0;0;0;0;0;0;0
https://github.com/voldemort/voldemort;70fd0af4ba7932690ad34240b92774024a97b1a4;899b53ddd;d3985cdf2a8030499e9beef851148aa6f3d91b41;77092cb29;0;0;0;0;0;0;0;0;0;0;0;0;0;0;0;0
https://github.com/voldemort/voldemort;8ac86e21df8e6d1b142bf85941435bd8cbe32e25;cd725ea53;899b53ddd55949d6504769ff3e1df072ce333460;70fd0af4b;0;0;0;0;0;0;0;0;0;0;0;0;0;0;0;0
https://github.com/voldemort/voldemort;11693e285ca64e8486697338f30c1bb2433de194;059c7ba43;899b53ddd55949d6504769ff3e1df072ce333460;70fd0af4b;0;0;0;0;0;0;0;0;0;0;0;0;0;0;0;0
https://github.com/voldemort/voldemort;5fc0321f83ac56788db23d992b9314ceea0c66fb;6d24579d9;70fd0af4ba7932690ad34240b92774024a97b1a4;11693e285;0;0;0;0;0;0;0;0;0;0;0;0;0;0;0;0
https://github.com/voldemort/voldemort;97e03a769c35a102189b762b7d058d477a25387e;979f52a51;8bd8f043583ad2f09c1b12b9e7d119b7e19f6341;cecc55e68;0;0;0;0;0;0;0;0;0;0;0;0;0;0;0;0
https://github.com/voldemort/voldemort;b01a8b2e5fa444da6733b3ac457e04908871ae3c;f83514023;0c05cf7ffdca1e9c73c27ac32d9708767a416bbb;34346f515;0;0;0;0;0;0;0;0;0;0;0;0;0;0;0;0
https://github.com/voldemort/voldemort;02513d5536743a46864de0d5b2c9e6a2469fd7cc;17d5b4222;70fd0af4ba7932690ad34240b92774024a97b1a4;b01a8b2e5;0;0;0;0;0;0;0;0;0;0;0;0;0;0;0;0
https://github.com/voldemort/voldemort;0b3ec800b3cc585304680fea15e4d4ecacca33d2;e601d8bb8;11693e285ca64e8486697338f30c1bb2433de194;b01a8b2e5;0;0;0;0;0;0;0;0;0;0;0;0;0;0;0;0
https://github.com/voldemort/voldemort;983dbd031b100b8a9bf5ccbff1901a666da34026;23e600eea;97e03a769c35a102189b762b7d058d477a25387e;b01a8b2e5;0;0;0;0;0;0;0;0;0;0;0;0;0;0;0;0
https://github.com/voldemort/voldemort;52c3fa138c1c852cf15fb054b0aeef0edfb1f680;02513d553;b01a8b2e5fa444da6733b3ac457e04908871ae3c;7d5e323f6;0;0;0;0;0;0;0;0;0;0;0;0;0;0;0;0
https://github.com/voldemort/voldemort;b9d885faa6516c61e217928b62984a7d115d4add;ba1512e8f;b01a8b2e5fa444da6733b3ac457e04908871ae3c;983dbd031;0;0;0;0;0;0;0;0;0;0;0;0;0;0;0;0
https://github.com/voldemort/voldemort;2f4f886a39e0ceb59caa209798547e82e62be138;52c3fa138;7d5e323f6caefb78976d387a264eb0f2dbce01a4;b9d885faa;0;0;0;0;0;0;0;0;0;0;0;0;0;0;0;0
https://github.com/voldemort/voldemort;26678f25ab4fb3c397f6d6b7790929c5bd61de0a;2f4f886a3;b9d885faa6516c61e217928b62984a7d115d4add;4ec9f6c45;0;0;0;0;0;0;0;0;0;0;0;0;0;0;0;0
https://github.com/voldemort/voldemort;988643f795a43d5b53cf672c1a6309d23e8505ed;26678f25a;4ec9f6c4534b4dd48e7852697faa174e6f1b5d13;51c3a7d1b;0;0;0;0;0;0;0;0;0;0;0;0;0;0;0;0
https://github.com/voldemort/voldemort;f6ce39527300b4fdf21a4c7d00d81994d69e1be8;988643f79;51c3a7d1b7b8acb1e62a7bdbd0b64e7f1367b2a3;a76d91d4e;0;0;0;0;0;0;0;0;0;0;0;0;0;0;0;0
https://github.com/voldemort/voldemort;6e128c00014e9691cebc89b4846155f26df70f6d;f6ce39527;a76d91d4ebad96295ceba5bca91122ec7f07e9ef;1e950719b;0;0;0;0;0;0;0;0;0;0;0;0;0;0;0;0
https://github.com/voldemort/voldemort;204f594d9dda101a7b80fa01dafe85beb46bbb36;6e128c000;f6ce39527300b4fdf21a4c7d00d81994d69e1be8;dcd9d5783;0;0;0;0;0;0;0;0;0;0;0;0;0;0;0;0
https://github.com/voldemort/voldemort;8fea16871b3e2a8ac0342128dacc0c3a6b0aec36;1e950719b;a76d91d4ebad96295ceba5bca91122ec7f07e9ef;d45566c1d;0;0;0;0;0;0;0;0;0;0;0;0;0;0;0;0
https://github.com/voldemort/voldemort;ad0a6b220460ef3d2806d2e631588598a0b268a5;204f594d9;1e950719b1942b84596edfeab04e6fa236d05c29;8fea16871;0;0;0;0;0;0;0;0;0;0;0;0;0;0;0;0
https://github.com/voldemort/voldemort;475b823172ca907cced8e851a9bb50c4faf0c5a5;4bc49d896;8fea16871b3e2a8ac0342128dacc0c3a6b0aec36;bac0fa7c8;0;0;0;0;0;0;0;0;0;0;0;0;0;0;0;0
https://github.com/voldemort/voldemort;1860e5b1dcd4eac62de452f4cb484f1a1d231cbf;ad0a6b220;8fea16871b3e2a8ac0342128dacc0c3a6b0aec36;475b82317;0;0;0;0;0;0;0;0;0;0;0;0;0;0;0;0
https://github.com/voldemort/voldemort;955ea7f5f89c4833ed62d3797040df190cab5119;ad057e9e2;983dbd031b100b8a9bf5ccbff1901a666da34026;475b82317;0;0;0;0;0;0;0;0;0;0;0;0;0;0;0;0
https://github.com/voldemort/voldemort;2601ab713f842107e0d50c85231920f4ce75c142;c4dfa32f3;475b823172ca907cced8e851a9bb50c4faf0c5a5;d327272d5;0;0;0;0;0;0;0;0;0;0;0;0;0;0;0;0
https://github.com/voldemort/voldemort;717153c5b522ea8bcae43b08af0b21f5c5247a44;2601ab713;d327272d5f2cee70805b0d2986d28e26f776e699;b452a8ce4;0;0;0;0;0;0;0;0;0;0;0;0;0;0;0;0
https://github.com/voldemort/voldemort;a54a944c785da471d8e9f053b26e535dd88dd619;63153cd37;b452a8ce41336279be497a580c420ac8e3242ce7;5231f92b8;0;0;0;0;0;0;0;0;0;0;0;0;0;0;0;0
https://github.com/voldemort/voldemort;dbdf05c48bc3883d2c979b932688c013777c6163;40031f93f;d45566c1dfc8a8cbb8d310575e82b41f0d91652a;7cb86243b;0;0;0;0;0;0;0;0;0;0;0;0;0;0;0;0
https://github.com/voldemort/voldemort;72bfb73128cbb687ca1c7930958021a50b2b6b13;e8dc28e50;7cb86243b5e9f1705714ecf8a2206882966919f3;dbdf05c48;0;0;0;0;0;0;0;0;0;0;0;0;0;0;0;0
https://github.com/voldemort/voldemort;ea2f292134244ea1bed2b3b5775b3fb0d0a1f62b;aa4d73de2;f029c561441afbb6308467358e8086ea0031179e;b7ccb6f2e;0;0;0;0;0;0;0;0;0;0;0;0;0;0;0;0
https://github.com/voldemort/voldemort;5608a20056e5aa1ef050219d0372724e7c57f6f0;6140f785a;7cb86243b5e9f1705714ecf8a2206882966919f3;ea2f29213;0;0;0;0;0;0;0;0;0;0;0;0;0;0;0;0
https://github.com/voldemort/voldemort;ee0c4750113e19449a0627a10bcb37e36480311a;5608a2005;ea2f292134244ea1bed2b3b5775b3fb0d0a1f62b;50c043cec;0;0;0;0;0;0;0;0;0;0;0;0;0;0;0;0
https://github.com/voldemort/voldemort;b648fbadb7de13323256dca3f09d75f71bad3ded;207b94a3f;09299affe4da54defa3575141dd92b4361b54782;b255dca07;0;0;0;0;0;0;0;0;0;0;0;0;0;0;0;0
https://github.com/voldemort/voldemort;247b6a3c55623bc070b8cc34f9441537c9aa5860;8359fc4f1;b255dca077a76f41d374d7552b549eec0db34d04;b648fbadb;0;0;0;0;0;0;0;0;0;0;0;0;0;0;0;0
https://github.com/voldemort/voldemort;946e042a4fe3b1cea16095f4bf216a8968fe8140;50c043cec;50c043cece782f77bd912227c4b3ee241bdbd8d8;e8ecc7a72;0;0;0;0;0;0;0;0;0;0;0;0;0;0;0;0
https://github.com/voldemort/voldemort;65b484f6ed25d0271b4df4dde869524890288128;e635eb485;50c043cece782f77bd912227c4b3ee241bdbd8d8;946e042a4;0;0;0;0;0;0;0;0;0;0;0;0;0;0;0;0
https://github.com/voldemort/voldemort;f2e82d408c1294144931a37bef70ac4f7982f2f3;72bfb7312;7cb86243b5e9f1705714ecf8a2206882966919f3;e52f4911b;0;0;0;0;0;0;0;0;0;0;0;0;0;0;0;0
https://github.com/voldemort/voldemort;f299001fb82cdf817e4c64e79b2c9c847099dc2c;f2e82d408;e52f4911b83ca2e29427b104e129afee40cc5cfc;b66ec96c2;0;0;0;0;0;0;0;0;0;0;0;0;0;0;0;0
https://github.com/voldemort/voldemort;5f7757a13757f0f2e65479667d9e7d013f8d9990;b8d8a0d85;549ba97acd800ee6ab639b11a35c48aaee376ee3;0893ed2fa;0;0;0;0;0;0;0;0;0;0;0;0;0;0;0;0
https://github.com/voldemort/voldemort;7e589d7585302e2279eaf1c098548e9bc6ba771f;8e6200302;b8d8a0d85fb1dfea96ada3c3f0fbdb85f201ba98;2c0af43c8;0;0;0;0;0;0;0;0;0;0;0;0;0;0;0;0
https://github.com/voldemort/voldemort;2423a4ebb810f85ffa7062a3b18ab1f90f94b708;c1315956e;e000d520af768709ce7eb52c2bd0c8d5c1e5f9ce;8c07e32d4;0;0;0;0;0;0;0;0;0;0;0;0;0;0;0;0
https://github.com/voldemort/voldemort;69ae69e896350d636770dedc404f76f9a433c238;7376cc64c;0893ed2fac79af7e984a11052def016c11724be2;cca94e748;0;0;0;0;0;0;0;0;0;0;0;0;0;0;0;0
https://github.com/voldemort/voldemort;2f32c9ac8939bb3fb285824fb984127e23b01435;46a0ec885;47a304b150f0712eec1946b79b571c1e63b8c126;d8f6c90fd;0;0;0;0;0;0;0;0;0;0;0;0;0;0;0;0
https://github.com/voldemort/voldemort;9ed2ae80ee6bd6c9f0260f262937f4fbff8e61b1;242fc1062;d8f6c90fd82f181d5d0bfcee322eff9c36877cfd;de9ffd0ee;0;0;0;0;0;0;0;0;0;0;0;0;0;0;0;0
https://github.com/voldemort/voldemort;c3b8777e5efb1bd7c52964903d20fd8076fc0de7;50c3abbc5;0893ed2fac79af7e984a11052def016c11724be2;de9ffd0ee;0;0;0;0;0;0;0;0;0;0;0;0;0;0;0;0
https://github.com/voldemort/voldemort;02420ab2e76d0d1aeda60a762ee3256ebf51bcfd;c3b8777e5;cca94e74806012b9c83ca600e9848972a8fe6c49;69ae69e89;0;0;0;0;0;0;0;0;0;0;0;0;0;0;0;0
https://github.com/voldemort/voldemort;2ac361e5caf6843fecd1fcc2aac42affb40f8886;6c31fec8a;de9ffd0eef44488673f732a9c69f7a45525fd434;1ce9886f6;0;0;0;0;0;0;0;0;0;0;0;0;0;0;0;0
https://github.com/voldemort/voldemort;a69271a3883991282937eaed70486986fc2ed5b8;351e72963;de9ffd0eef44488673f732a9c69f7a45525fd434;2ac361e5c;0;0;0;0;0;0;0;0;0;0;0;0;0;0;0;0
https://github.com/voldemort/voldemort;2c462cebdf47933afe48bef56e787c0c92349039;9ed2ae80e;de9ffd0eef44488673f732a9c69f7a45525fd434;1ce9886f6;0;0;0;0;0;0;0;0;0;0;0;0;0;0;0;0
https://github.com/voldemort/voldemort;c3cda506b04af213b7b5e4066d006ae3df3ea207;02420ab2e;de9ffd0eef44488673f732a9c69f7a45525fd434;2ac361e5c;0;0;0;0;0;0;0;0;0;0;0;0;0;0;0;0
https://github.com/voldemort/voldemort;f5628c4d35434f42379bc9c8cd57907c2c6cb26f;86293a357;02420ab2e76d0d1aeda60a762ee3256ebf51bcfd;351e72963;0;0;0;0;0;0;0;0;0;0;0;0;0;0;0;0
https://github.com/voldemort/voldemort;e8fabf34e12c5364452e985cae151c2f941a135a;f5628c4d3;2ac361e5caf6843fecd1fcc2aac42affb40f8886;a69271a38;0;0;0;0;0;0;0;0;0;0;0;0;0;0;0;0
https://github.com/voldemort/voldemort;2150b1d6d89ae91e85a3e85d4452a369a8e214fe;2ac361e5c;1ce9886f65be7c1ead5341dc999b123e0e0508dc;57121fadb;0;0;0;0;0;0;0;0;0;0;0;0;0;0;0;0
https://github.com/voldemort/voldemort;2cc78399e6a3a2ed3c870cf28da4a90d0333ebad;784fecde5;1ce9886f65be7c1ead5341dc999b123e0e0508dc;57121fadb;0;0;0;0;0;0;0;0;0;0;0;0;0;0;0;0
https://github.com/voldemort/voldemort;8b71751962b185f13090efb520efdfdfb93da3c9;e8fabf34e;2ac361e5caf6843fecd1fcc2aac42affb40f8886;25e298227;0;0;0;0;0;0;0;0;0;0;0;0;0;0;0;0
https://github.com/voldemort/voldemort;b2be54fc960d1ffdee56b32a779207376dd2adf5;611ddebbf;57121fadb3ee0be0c874828327d716e60128af90;abfbe2268;0;0;0;0;0;0;0;0;0;0;0;0;0;0;0;0
https://github.com/voldemort/voldemort;cc8c363437f74d14500b56d8dc7e88913fe5c80b;c716080cb;57121fadb3ee0be0c874828327d716e60128af90;b2be54fc9;0;0;0;0;0;0;0;0;0;0;0;0;0;0;0;0
https://github.com/voldemort/voldemort;66f5a7967e29bff8bae3aefe70285a600e1e2f47;cc8c36343;b2be54fc960d1ffdee56b32a779207376dd2adf5;8a9376aea;0;0;0;0;0;0;0;0;0;0;0;0;0;0;0;0
https://github.com/voldemort/voldemort;3b1167429f956d7a18434ac18398d949dfffaa5f;1bf538c68;57121fadb3ee0be0c874828327d716e60128af90;9e681935b;0;0;0;0;0;0;0;0;0;0;0;0;0;0;0;0
https://github.com/voldemort/voldemort;a5ddeb7e265f3b83d6f2d9eebe62608a0bdbf1a7;3fea64709;3fea647097308ab4f1757df6b7fbbb50266b9540;6388c9439;0;0;0;0;0;0;0;0;0;0;0;0;0;0;0;0
https://github.com/voldemort/voldemort;f3cd4f9fef530b4f10cbad1b4c884be2b551ee9b;c94ab058f;57121fadb3ee0be0c874828327d716e60128af90;e49102302;7;53;0;0;0;0;0;2;3;23;435;213158851;1438876379;0;14;6
https://github.com/voldemort/voldemort;10ca233c3df0fa03d86f953c13503a27026391ca;9894f4185;d32adc260b2f29e518672a2175bf5ce251ffacc6;e332dc46a;0;0;0;0;0;0;0;0;0;0;0;0;0;0;0;0
https://github.com/voldemort/voldemort;cbc356df04fbef91b6ca0483bdf876e07065a96c;a3f8195c6;30d183a2904e9ad7d4425e411855d9595607af80;8e117058a;0;0;0;0;0;0;0;0;0;0;0;0;0;0;0;0
https://github.com/voldemort/voldemort;0a04cf95879a2a357c9ba1795b327f7942b2ccc0;e4f512155;e491023028019ccf987c37592a44c8869a0db65c;74e0d9447;0;0;0;0;0;0;0;0;0;0;0;0;0;0;0;0
https://github.com/voldemort/voldemort;77f7075085932c2b0b4109217495466db53f1c55;0ee9c95b3;e491023028019ccf987c37592a44c8869a0db65c;74e0d9447;0;0;0;0;0;0;0;0;0;0;0;0;0;0;0;0
https://github.com/voldemort/voldemort;bf93459a838ef85f49ca91564ef61447220c1ca2;1c3ccf5e5;10ca233c3df0fa03d86f953c13503a27026391ca;74e0d9447;0;0;0;0;0;0;0;0;0;0;0;0;0;0;0;0
https://github.com/voldemort/voldemort;d2687eb24a03f2e6e72dc964437fd8fbb5bcd837;bf93459a8;74e0d94476799fc4b2f34317dfa4b00a051469e0;a94de0b75;0;0;0;0;0;0;0;0;0;0;0;0;0;0;0;0
https://github.com/voldemort/voldemort;e03c9891df4d93dd94d53b99e64cec15a6f95eb8;6448e71cd;e491023028019ccf987c37592a44c8869a0db65c;d2687eb24;0;0;0;0;0;0;0;0;0;0;0;0;0;0;0;0
https://github.com/voldemort/voldemort;c3972b6ab375dba5a4cea2876738e3db9492cbbf;e03c9891d;6448e71cd07ac856100028b8a5f51b6d9d73d259;e081a1209;0;0;0;0;0;0;0;0;0;0;0;0;0;0;0;0
https://github.com/voldemort/voldemort;50f243fb50086f2b0c20e3b3c27bc599fbd9cb74;4d20385ee;74e0d94476799fc4b2f34317dfa4b00a051469e0;d2687eb24;0;0;0;0;0;0;0;0;0;0;0;0;0;0;0;0
https://github.com/voldemort/voldemort;9551750fea6b63e2b10112748bf46418bb5d9a87;50f243fb5;d2687eb24a03f2e6e72dc964437fd8fbb5bcd837;c3972b6ab;0;0;0;0;0;0;0;0;0;0;0;0;0;0;0;0
https://github.com/voldemort/voldemort;70fcfd8688fae877e7dbf876dba9c54cbddf06f6;0a04cf958;74e0d94476799fc4b2f34317dfa4b00a051469e0;d2687eb24;0;0;0;0;0;0;0;0;0;0;0;0;0;0;0;0
https://github.com/voldemort/voldemort;f8d4cc200995ba30f8c6caff7f770841a2b58c85;70fcfd868;e4f512155508c051b530102d44f8cae46048859b;f13a9a06c;0;0;0;0;0;0;0;0;0;0;0;0;0;0;0;0
https://github.com/voldemort/voldemort;5c76a5a0c582ab724db5ecd6941c155da776e800;67e2bcff9;bf93459a838ef85f49ca91564ef61447220c1ca2;f8d4cc200;0;0;0;0;0;0;0;0;0;0;0;0;0;0;0;0
https://github.com/voldemort/voldemort;31573577a702a7cff6c387ab7d6958e3de4a8965;c7ba908b6;d2687eb24a03f2e6e72dc964437fd8fbb5bcd837;8b135abd4;0;0;0;0;0;0;0;0;0;0;0;0;0;0;0;0
https://github.com/voldemort/voldemort;c856bb0819594cc9ff0227123d65e2b3b016b0c7;0f8ab4573;ad05eafa9a42dd50ce061818c3e50fb448dfd7af;91da56d44;0;0;0;0;0;0;0;0;0;0;0;0;0;0;0;0
https://github.com/voldemort/voldemort;d92108cdd255991b17dfd858ee220ecf8eaab556;0f8ab4573;ad05eafa9a42dd50ce061818c3e50fb448dfd7af;91da56d44;0;0;0;0;0;0;0;0;0;0;0;0;0;0;0;0
https://github.com/voldemort/voldemort;6c1d6ccf2ae983e2788ee388da5cf9dbb10fddf3;d92108cdd;0f8ab4573bc3b9af95c8c9d33300b804814f74ad;c856bb081;0;0;0;0;0;0;0;0;0;0;0;0;0;0;0;0
https://github.com/voldemort/voldemort;02342be701e9bec1ab38be71107c21fd2107350c;d92108cdd;0f8ab4573bc3b9af95c8c9d33300b804814f74ad;c856bb081;0;0;0;0;0;0;0;0;0;0;0;0;0;0;0;0
https://github.com/voldemort/voldemort;c5c24d75ec20b8457e03f2fe50d7fbb9eb20b64d;02342be70;d92108cdd255991b17dfd858ee220ecf8eaab556;6c1d6ccf2;0;0;0;0;0;0;0;0;0;0;0;0;0;0;0;0
https://github.com/voldemort/voldemort;2633ab482f09907b2f2564c595693d241c75301b;d213fd986;96430d2f49c6bc57301642ea981235a9871a07c4;3a369d955;0;0;0;0;0;0;0;0;0;0;0;0;0;0;0;0
https://github.com/voldemort/voldemort;e8ec37b8db1f5067056ac2fafd797be2d0003a6d;2633ab482;e491023028019ccf987c37592a44c8869a0db65c;d73af5d0a;0;0;0;0;0;0;0;0;0;0;0;0;0;0;0;0
https://github.com/voldemort/voldemort;a0ea68096ed24163aae5dd8149219449056a4182;914eac058;e8ec37b8db1f5067056ac2fafd797be2d0003a6d;add290481;0;0;0;0;0;0;0;0;0;0;0;0;0;0;0;0
https://github.com/voldemort/voldemort;deeff41e366d101f42a28d355d056d24c3264a75;add290481;add2904813541ce73a2294eef9e0a1453aed4e2b;acd8a64f8;0;0;0;0;0;0;0;0;0;0;0;0;0;0;0;0
https://github.com/voldemort/voldemort;a01e4deec732fcf31546853898cf73c6d1bd3632;deeff41e3;acd8a64f83ad3e1b9d22947c8637f6fee60fa927;fe10ef045;0;0;0;0;0;0;0;0;0;0;0;0;0;0;0;0
https://github.com/voldemort/voldemort;6a88af261391b1b93025d1cf9839d76c88b1b78a;fc1f06689;fe10ef0451208ad6cf3b5873dda771b14d5f8570;a01e4deec;0;0;0;0;0;0;0;0;0;0;0;0;0;0;0;0
https://github.com/voldemort/voldemort;390f9a5558f2bbc3a034065ad083a3a897a56d57;0bdf2aeb6;e22c162c5389c8710f39ddfaa2bdda224e12ce41;cd005df69;0;0;0;0;0;0;0;0;0;0;0;0;0;0;0;0
https://github.com/voldemort/voldemort;ce113eec31ce359ad224c3306659ac16fe96a3c6;a01e4deec;a01e4deec732fcf31546853898cf73c6d1bd3632;390f9a555;0;0;0;0;0;0;0;0;0;0;0;0;0;0;0;0
https://github.com/voldemort/voldemort;aee112d9ef0ed960c7bc9955d7e85e6ed6ac91a0;ce113eec3;ce113eec31ce359ad224c3306659ac16fe96a3c6;d2694cf11;0;0;0;0;0;0;0;0;0;0;0;0;0;0;0;0
https://github.com/voldemort/voldemort;491863359fac1b2c67fe6c1a719ef4c1f569c22d;aee112d9e;74e0d94476799fc4b2f34317dfa4b00a051469e0;fd5dbeb51;8;60;0;0;0;0;0;2;2;16;1422;288549326;1894833059;0;6;8
https://github.com/voldemort/voldemort;700117ff82f18bfe5302ce356a136722b82af745;a0ea68096;add2904813541ce73a2294eef9e0a1453aed4e2b;aee112d9e;0;0;0;0;0;0;0;0;0;0;0;0;0;0;0;0
https://github.com/voldemort/voldemort;0f5c074994e40b489f92f251f739a34918649805;38b330be7;aee112d9ef0ed960c7bc9955d7e85e6ed6ac91a0;608ad0630;0;0;0;0;0;0;0;0;0;0;0;0;0;0;0;0
https://github.com/voldemort/voldemort;e5e5a2e16350bbb661e22678f103121c7f920a07;e64bcd8f1;608ad0630191e98f2425b0879c1d133470588a81;2856d51fd;0;0;0;0;0;0;0;0;0;0;0;0;0;0;0;0
https://github.com/voldemort/voldemort;a1fa2f643e9bfff7971e74c70de9557d0fdcdc23;700117ff8;aee112d9ef0ed960c7bc9955d7e85e6ed6ac91a0;e5e5a2e16;0;0;0;0;0;0;0;0;0;0;0;0;0;0;0;0
https://github.com/voldemort/voldemort;8e088b98d72838606656cd543dfe74f157fe0d7b;af20132ad;ad05eafa9a42dd50ce061818c3e50fb448dfd7af;9f6989861;0;0;0;0;0;0;0;0;0;0;0;0;0;0;0;0
https://github.com/voldemort/voldemort;de2f94dc9ae2f2fc31e153220c5d8ab22e156922;fe1b41525;9f698986182335ffb7ef6580ab64122a64ce1050;55a5b7438;0;0;0;0;0;0;0;0;0;0;0;0;0;0;0;0
https://github.com/voldemort/voldemort;958f8cb642db40051a58f194757182ff00f4a714;d0bb21a97;9e681935b66e9339b9195ad65ef5e303617aa791;9f6989861;0;0;0;0;0;0;0;0;0;0;0;0;0;0;0;0
https://github.com/voldemort/voldemort;ba1eaa96f9dae30bdd14ae99fc5468d3d6dfb877;de2f94dc9;9f698986182335ffb7ef6580ab64122a64ce1050;ed45d3d2a;0;0;0;0;0;0;0;0;0;0;0;0;0;0;0;0
https://github.com/voldemort/voldemort;667da20ab607dd8ad146e3ec4b9a46d408eff98e;311788b62;de2f94dc9ae2f2fc31e153220c5d8ab22e156922;40ef19a72;0;0;0;0;0;0;0;0;0;0;0;0;0;0;0;0
https://github.com/voldemort/voldemort;f4edf7e31ec9dfd64cc37466f4629a29708e907d;ddded7cf0;e5e5a2e16350bbb661e22678f103121c7f920a07;ea2c4f036;0;0;0;0;0;0;0;0;0;0;0;0;0;0;0;0
https://github.com/voldemort/voldemort;a871824d23e054cfb4722e0ae8587e372f567427;7c65ab72e;311788b6243f5aeb9ce0a3a1e9d800305f3d4407;ea2c4f036;0;0;0;0;0;0;0;0;0;0;0;0;0;0;0;0
https://github.com/voldemort/voldemort;3481e4c85827a98026c9d80d4d74efa3cb90c703;a871824d2;ea2c4f03650d2f0d161b26d3fcf90a681903c1b3;d2fae73cb;0;0;0;0;0;0;0;0;0;0;0;0;0;0;0;0
https://github.com/voldemort/voldemort;4957e952aaf836b9eda3f178de348380c7d9be0c;3481e4c85;ba1eaa96f9dae30bdd14ae99fc5468d3d6dfb877;3d8ecf29c;0;0;0;0;0;0;0;0;0;0;0;0;0;0;0;0
https://github.com/voldemort/voldemort;34c9c1d03ff0e1e0cf990b73534ce9f47af2f2b0;b470708d5;3481e4c85827a98026c9d80d4d74efa3cb90c703;4957e952a;0;0;0;0;0;0;0;0;0;0;0;0;0;0;0;0
https://github.com/voldemort/voldemort;f269819c1f4b7054707c09286358c34b49b73516;1f057d7e3;ea2c4f03650d2f0d161b26d3fcf90a681903c1b3;34c9c1d03;0;0;0;0;0;0;0;0;0;0;0;0;0;0;0;0
https://github.com/voldemort/voldemort;a1873ab624f024869b88b12c76321d97cf94d0c9;9b93e92dc;34c9c1d03ff0e1e0cf990b73534ce9f47af2f2b0;f269819c1;0;0;0;0;0;0;0;0;0;0;0;0;0;0;0;0
https://github.com/voldemort/voldemort;056d93c1b5487020e0a467c3a02371b29f73c339;c8ab434ef;4957e952aaf836b9eda3f178de348380c7d9be0c;24dbf6165;0;0;0;0;0;0;0;0;0;0;0;0;0;0;0;0
https://github.com/voldemort/voldemort;dc19e82b62cbb15ae91ad8575702a12f93a32d5c;056d93c1b;ba1eaa96f9dae30bdd14ae99fc5468d3d6dfb877;d59d3918e;0;0;0;0;0;0;0;0;0;0;0;0;0;0;0;0
https://github.com/voldemort/voldemort;e7c7b7964322e514230a8939d0565e22fa2a0017;cccb8c3da;cccb8c3dab15bc9a0b3ca1cfab2fbe4551a71ad7;1d2bca87e;0;0;0;0;0;0;0;0;0;0;0;0;0;0;0;0
https://github.com/voldemort/voldemort;c709be8f0ef5ec3babb0d68f6ab5c111d73640a4;c41962885;cccb8c3dab15bc9a0b3ca1cfab2fbe4551a71ad7;e7c7b7964;0;0;0;0;0;0;0;0;0;0;0;0;0;0;0;0
https://github.com/voldemort/voldemort;b3e72124eacbf68d2b2070c04e755ca6e6bbc4a9;d37df6b76;cccb8c3dab15bc9a0b3ca1cfab2fbe4551a71ad7;e7c7b7964;0;0;0;0;0;0;0;0;0;0;0;0;0;0;0;0
https://github.com/voldemort/voldemort;9bb1704a6f1ec6be1fbf0a05626c6f62de79e409;b3e72124e;e7c7b7964322e514230a8939d0565e22fa2a0017;c709be8f0;0;0;0;0;0;0;0;0;0;0;0;0;0;0;0;0
https://github.com/voldemort/voldemort;fbae492ce7e51a21d7a42da0695b17a7a3d32521;e7c7b7964;dc19e82b62cbb15ae91ad8575702a12f93a32d5c;be89c224a;0;0;0;0;0;0;0;0;0;0;0;0;0;0;0;0
https://github.com/voldemort/voldemort;f23e641f8ea3495cafae6cd46d08610458f72174;9bb1704a6;d37df6b76c914ae09da48f5ddeb00dea810d563a;bcf42c7fa;0;0;0;0;0;0;0;0;0;0;0;0;0;0;0;0
https://github.com/voldemort/voldemort;81879097b3f07fb16c68b821528b21fbd79dc293;f23e641f8;e7c7b7964322e514230a8939d0565e22fa2a0017;fbae492ce;0;0;0;0;0;0;0;0;0;0;0;0;0;0;0;0
https://github.com/voldemort/voldemort;39898c14da6b6f6385849800c7c5df09855036d8;8b0a7c292;e7c7b7964322e514230a8939d0565e22fa2a0017;20dfa29fd;0;0;0;0;0;0;0;0;0;0;0;0;0;0;0;0
https://github.com/voldemort/voldemort;ea0c80bc8005d92bab5a72a794d99cff57d9d995;f70b3c2cf;dc19e82b62cbb15ae91ad8575702a12f93a32d5c;d1b9bb821;0;0;0;0;0;0;0;0;0;0;0;0;0;0;0;0
https://github.com/voldemort/voldemort;3fbef943c69a4168e1e7690b3c080a5d7a9046ed;ba4127c51;dc19e82b62cbb15ae91ad8575702a12f93a32d5c;366cd06a2;0;0;0;0;0;0;0;0;0;0;0;0;0;0;0;0
https://github.com/voldemort/voldemort;35a887e751042e6661d2cb7db126f12086aa6c88;05f23ec16;20b47b795d5a0fadfb733d8decb3be769a10489a;e90fa82d2;0;0;0;0;0;0;0;0;0;0;0;0;0;0;0;0
https://github.com/voldemort/voldemort;b687f0229102fa8893ac4d6d6b84ca0f33c7fbfd;70718b493;ea0c80bc8005d92bab5a72a794d99cff57d9d995;fa3d6f6ff;0;0;0;0;0;0;0;0;0;0;0;0;0;0;0;0
https://github.com/voldemort/voldemort;0aa7f4273115593d1ecd08d85be757b3dde75c8d;4e628fe96;b687f0229102fa8893ac4d6d6b84ca0f33c7fbfd;ab9790584;0;0;0;0;0;0;0;0;0;0;0;0;0;0;0;0
https://github.com/voldemort/voldemort;1b895b2c696d67cdca05fb34125b6f90405d906c;0aa7f4273;36bd7f12e0fb0b875ee19fb57beb274052a3cdd2;40a3d99a2;0;0;0;0;0;0;0;0;0;0;0;0;0;0;0;0
https://github.com/voldemort/voldemort;a95260a15ca55d3f57bd2b4e9fde650d59316870;1b895b2c6;e6abad150ca0343a4718838d2071e04871661c87;581d97a47;0;0;0;0;0;0;0;0;0;0;0;0;0;0;0;0
https://github.com/voldemort/voldemort;b8f0be4bb762a59fa15c1b2d2ef45bb09c14f6f9;d15b6059e;4e628fe96f88803059dcd39f5014af8f83b351bf;2c6b61f19;0;0;0;0;0;0;0;0;0;0;0;0;0;0;0;0
https://github.com/voldemort/voldemort;1935c6539d40aafc29a84b2a03655c99d0885bb5;b8f0be4bb;4e628fe96f88803059dcd39f5014af8f83b351bf;21ff9346e;0;0;0;0;0;0;0;0;0;0;0;0;0;0;0;0
https://github.com/voldemort/voldemort;c8dcd820a726f0885ed4bb700b56142e2195b5bf;4f8c97895;2c6b61f198de355b0274b49b52fece1531e25b63;98643ea18;0;0;0;0;0;0;0;0;0;0;0;0;0;0;0;0
https://github.com/voldemort/voldemort;5e7ef39f167cff3a409b37aec4d11ddb5d896599;210a2bdb8;4e628fe96f88803059dcd39f5014af8f83b351bf;89ded28e1;0;0;0;0;0;0;0;0;0;0;0;0;0;0;0;0
https://github.com/voldemort/voldemort;a86a9e5a05cb8afbe94bbd0eb23999e39508b8a8;fcffeb5f0;e90fa82d25decdbee1f102302e7746e06a2e4ba2;e77ee0f00;0;0;0;0;0;0;0;0;0;0;0;0;0;0;0;0
https://github.com/voldemort/voldemort;be12a285a740b92c9b1f0e60aafc225e2f4b7076;78ae5d5c9;ea0c80bc8005d92bab5a72a794d99cff57d9d995;c54100d5f;0;0;0;0;0;0;0;0;0;0;0;0;0;0;0;0
https://github.com/voldemort/voldemort;82072ac24ccd907f74147de42811037e467a039a;6889d34bc;c54100d5f18c28caf8e5e753a448bd31a128292b;c26373f1a;0;0;0;0;0;0;0;0;0;0;0;0;0;0;0;0
https://github.com/voldemort/voldemort;8b961a7f6e70c02cc6edb8a7ac05ba9db79bc066;fbdb01664;31bab1966660fbac44e5d9539eeb1a8290af51e4;5b70b5059;0;0;0;0;0;0;0;0;0;0;0;0;0;0;0;0
https://github.com/voldemort/voldemort;c2ee34404f9f7320942e89c9dfb5372fc6e6c5dc;5b70b5059;c26373f1ae114dd2bb84d433386dc7776d390df0;87914feed;0;0;0;0;0;0;0;0;0;0;0;0;0;0;0;0
https://github.com/voldemort/voldemort;a23595662b473a10e7160ee492fad231c99d7cab;8b961a7f6;5b70b50599dc345c325e739aebbc1346a8a6d369;922ec3a0c;0;0;0;0;0;0;0;0;0;0;0;0;0;0;0;0
https://github.com/voldemort/voldemort;c94b8c5ced0495c9c79c453d0bb9733bbf657a2c;8dcc83373;8dcc833732ee8c5b4fb874f908ffc7a2a778ebac;c61182a18;0;0;0;0;0;0;0;0;0;0;0;0;0;0;0;0
https://github.com/voldemort/voldemort;8c6d25d64ba1f090a0eac772ed636b7e6d12ff7f;c94b8c5ce;31bab1966660fbac44e5d9539eeb1a8290af51e4;0d9a47dd8;0;0;0;0;0;0;0;0;0;0;0;0;0;0;0;0
https://github.com/voldemort/voldemort;abfe4065676d6bd4fbea9209db0253d274d46345;8b309a0d6;fbe6718687783a76c6be426d09d07bd3df299a20;22860f8fe;0;0;0;0;0;0;0;0;0;0;0;0;0;0;0;0
https://github.com/voldemort/voldemort;eb5d559c0887281a6a5ae2d7af717adac00bde1a;8851652da;374d02aa9f54db34391e0004eb12d8ddb488c907;b08ad6560;0;0;0;0;0;0;0;0;0;0;0;0;0;0;0;0
https://github.com/voldemort/voldemort;41bf1dbc5482de812a69ee5511a8271dc9e51751;eb5d559c0;374d02aa9f54db34391e0004eb12d8ddb488c907;3cfcd7068;0;0;0;0;0;0;0;0;0;0;0;0;0;0;0;0
https://github.com/voldemort/voldemort;90c0b5ff8c07ad75a5bce790a2392a944644b41d;a23595662;922ec3a0cd7fb5b14bc57da8b8746d602522c2f2;4964e7de5;0;0;0;0;0;0;0;0;0;0;0;0;0;0;0;0
https://github.com/voldemort/voldemort;266221ce339ed065f06ffd0c6eee17a8079edf94;90c0b5ff8;4964e7de5e5760477fc9169a4e7cd91700dd6b57;db6ac4478;0;0;0;0;0;0;0;0;0;0;0;0;0;0;0;0
https://github.com/voldemort/voldemort;97289e6a7930302ef6a77937ba943748d2171db9;266221ce3;db6ac447895255c84ef0e0cbd0303ffa6b45e05b;797b7c66c;0;0;0;0;0;0;0;0;0;0;0;0;0;0;0;0
https://github.com/voldemort/voldemort;8efee8af2ebf1db74aa2c7ec22a8ab7106aedd22;797b7c66c;797b7c66c663eac2919da042f2f35dafcae240da;113d234a6;0;0;0;0;0;0;0;0;0;0;0;0;0;0;0;0
https://github.com/voldemort/voldemort;8e6d7664a66f26a593a8c58caaf35c8cc1afa6bc;817884548;8178845482067e9b8ab6d37b09176a4f0a88c9d2;e79f9c0d3;0;0;0;0;0;0;0;0;0;0;0;0;0;0;0;0
https://github.com/voldemort/voldemort;e8f76ee4e08d65df9b160a8e5f0a1a16927f0816;78993140e;78993140eaa0b6d087d9a0382a83dc5ff387e851;6cb445015;0;0;0;0;0;0;0;0;0;0;0;0;0;0;0;0
https://github.com/voldemort/voldemort;f7569b15589b472ee67b29e2d21702c6b2a48245;ea2ee2367;db6ac447895255c84ef0e0cbd0303ffa6b45e05b;382976eb5;0;0;0;0;0;0;0;0;0;0;0;0;0;0;0;0
https://github.com/voldemort/voldemort;84d42054691db08e03045c5afeec9e31227c27cb;d44ca52d9;06455280abd1f4edc6b2cd619a2a40a9b10aec99;e0f188591;0;0;0;0;0;0;0;0;0;0;0;0;0;0;0;0
https://github.com/voldemort/voldemort;16db905368f858e336b5092fad463c77073df5ca;18fb799f8;5a5bdb8afb320aec2c341ff20fb99f7223d14f1d;55d9ba40e;0;0;0;0;0;0;0;0;0;0;0;0;0;0;0;0
https://github.com/voldemort/voldemort;804249d388ae4b10b4d21787fc5ddb7b504c91b0;7ed0b5e93;e0f1885917fd469dc1052170e616951baac31f58;649cd7e46;0;0;0;0;0;0;0;0;0;0;0;0;0;0;0;0
https://github.com/voldemort/voldemort;84ced2f1792fa11ea198d564b696aed34967ecac;251f2d355;251f2d3556baa7d0e7d605ef0b186957f887b63c;d9ab0b59f;0;0;0;0;0;0;0;0;0;0;0;0;0;0;0;0
https://github.com/voldemort/voldemort;c443c10091ef33d37f22ad57364d7f33f9e5cee1;84ced2f17;55d9ba40e3d4427fa8a81ed110a042135e87015a;44b9bc174;0;0;0;0;0;0;0;0;0;0;0;0;0;0;0;0
https://github.com/voldemort/voldemort;db5340d25ad1ed997dd974735820829db2d75adc;2df99c950;2df99c9508fb0295c226e333667ca962504b6fd4;5747adf7a;0;0;0;0;0;0;0;0;0;0;0;0;0;0;0;0
https://github.com/voldemort/voldemort;784e76996cb8fd9157a9ef33816e814ab873e61c;f410f6632;a237760f61ff4ab0b2d3457c56a830ad2d4ca278;d007b7cc3;0;0;0;0;0;0;0;0;0;0;0;0;0;0;0;0
https://github.com/voldemort/voldemort;9f793ee0d1f8ed8c7b27e4ebbf03269e28f60e79;784e76996;f410f6632a1084cd4cec298c7f62125c8d940eef;b56cc40cd;0;0;0;0;0;0;0;0;0;0;0;0;0;0;0;0
https://github.com/voldemort/voldemort;03c486f670b1337863f59b2bdd5c5775ea555e23;9f793ee0d;b56cc40cd7a0901db4f854f783473f505866eea0;f29cff808;0;0;0;0;0;0;0;0;0;0;0;0;0;0;0;0
https://github.com/voldemort/voldemort;79b44b740ed0e51b04d4a58c35efd5eccdc7ace3;ca8d616d7;dbf7c022280d0b5f14fecf25f6040ce2da0460ca;0b5e296d9;0;0;0;0;0;0;0;0;0;0;0;0;0;0;0;0
https://github.com/voldemort/voldemort;a11c4f93b947c114c503671e9ff4ee7727f3b9f8;b5fcb898d;b5fcb898d2f8256d35e78d97c93ef22c9d215f9c;a7622c1f8;0;0;0;0;0;0;0;0;0;0;0;0;0;0;0;0
https://github.com/voldemort/voldemort;5f7dfa8d677ef4542f1c2f946cd1024cfa8f9643;a11c4f93b;b5fcb898d2f8256d35e78d97c93ef22c9d215f9c;30bbdd5a3;0;0;0;0;0;0;0;0;0;0;0;0;0;0;0;0
https://github.com/voldemort/voldemort;62a5878747b54d3b978ad373a32004c49176888a;5f7dfa8d6;5f7dfa8d677ef4542f1c2f946cd1024cfa8f9643;d4cc06a81;0;0;0;0;0;0;0;0;0;0;0;0;0;0;0;0
https://github.com/voldemort/voldemort;a368b2e49fce4c672f9f3dd2d1b51efdd7a6b76c;62a587874;62a5878747b54d3b978ad373a32004c49176888a;da027c470;0;0;0;0;0;0;0;0;0;0;0;0;0;0;0;0
https://github.com/voldemort/voldemort;0b15452f05d61378ff6b069edd74e83dac47f0e1;a368b2e49;a368b2e49fce4c672f9f3dd2d1b51efdd7a6b76c;f87fb2b68;0;0;0;0;0;0;0;0;0;0;0;0;0;0;0;0
https://github.com/voldemort/voldemort;7a7c8fbc84f71a35c5170f553131d2ff6c40e9b8;0b15452f0;d5d68089c148452267c5b9350a23d2d76f430c30;d4cbd6699;0;0;0;0;0;0;0;0;0;0;0;0;0;0;0;0
https://github.com/voldemort/voldemort;d8787c47905ad11c8b53e6dcf69a226c3eecc22f;7a7c8fbc8;a368b2e49fce4c672f9f3dd2d1b51efdd7a6b76c;b453b5340;0;0;0;0;0;0;0;0;0;0;0;0;0;0;0;0
https://github.com/voldemort/voldemort;95e0c8681a4f3377e1d229d46b7aef8e57994ac0;3fd7ea8e0;3fd7ea8e08cd13ec02edfdeaaea9d12d5c4bfa18;8b8f12ab1;0;0;0;0;0;0;0;0;0;0;0;0;0;0;0;0
https://github.com/voldemort/voldemort;cbc5e383f156c1ab703750e951663f67fce353c3;f1f574e40;95e0c8681a4f3377e1d229d46b7aef8e57994ac0;c8b6485c4;0;0;0;0;0;0;0;0;0;0;0;0;0;0;0;0
https://github.com/voldemort/voldemort;7ee12b1482989ecf66b6464fc1129b89f091ffe9;cbc5e383f;cbc5e383f156c1ab703750e951663f67fce353c3;9d0a32dca;0;0;0;0;0;0;0;0;0;0;0;0;0;0;0;0
https://github.com/voldemort/voldemort;f0f2ac8693bb2c092be6c13a916dec444b35907e;7ee12b148;95e0c8681a4f3377e1d229d46b7aef8e57994ac0;d540995ed;0;0;0;0;0;0;0;0;0;0;0;0;0;0;0;0
https://github.com/voldemort/voldemort;25800b844bf40082243e6aec27fbe5bbd2d5756b;1b31ab8f7;f41a40f72e38c3cd32ad6de45888bae430f65422;a2adb70f8;0;0;0;0;0;0;0;0;0;0;0;0;0;0;0;0
https://github.com/voldemort/voldemort;3b4dd8dfacac70835c751cc57bda1d9c39f84a20;25800b844;1b31ab8f76e27962440af586badf42f198d6fad2;6b4c17fe6;0;0;0;0;0;0;0;0;0;0;0;0;0;0;0;0
https://github.com/voldemort/voldemort;99e720748415b55fd2e789c57483b434880d7c75;e63901181;5f7dfa8d677ef4542f1c2f946cd1024cfa8f9643;96032b911;0;0;0;0;0;0;0;0;0;0;0;0;0;0;0;0
https://github.com/voldemort/voldemort;9065ec10b35e4ccf5b67eca18b5b2c91066e7f46;3d6397461;6dc850506392cd30c52355138c911317fa86ddb3;cf92ed7f8;0;0;0;0;0;0;0;0;0;0;0;0;0;0;0;0
https://github.com/voldemort/voldemort;de7cae0229e83c33111d579797192d2dd55b80a8;11c866445;11c8664451170aa0ecdb105acc3be4b99672e0ef;7c9af854b;0;0;0;0;0;0;0;0;0;0;0;0;0;0;0;0
https://github.com/voldemort/voldemort;044e96faa78a0bff7dd95bb72482e42cdf599f67;56e199def;56e199defea022d63408fe6908f860688191d246;f29a9730e;0;0;0;0;0;0;0;0;0;0;0;0;0;0;0;0
https://github.com/voldemort/voldemort;28e19b2ea11069fd094cd7de8865114c7e40b295;044e96faa;044e96faa78a0bff7dd95bb72482e42cdf599f67;6d8c05d9c;0;0;0;0;0;0;0;0;0;0;0;0;0;0;0;0
https://github.com/voldemort/voldemort;6644d3273b1d64947472df203cd2bbd532a53f5b;265b4c927;265b4c927afc28037ba97b1fc700c25c2da4adf9;7e774cb86;0;0;0;0;0;0;0;0;0;0;0;0;0;0;0;0
https://github.com/voldemort/voldemort;9bda8f0edb48f46e85615715b91ec4f42e7721ab;c07b77753;265b4c927afc28037ba97b1fc700c25c2da4adf9;de1ab017d;0;0;0;0;0;0;0;0;0;0;0;0;0;0;0;0
https://github.com/voldemort/voldemort;f73707a351144d5edb87a282e6d626af1b655e9b;9bda8f0ed;de1ab017d7494782d2fd730765ede5f424c171ff;c451ed4bd;0;0;0;0;0;0;0;0;0;0;0;0;0;0;0;0
https://github.com/voldemort/voldemort;c6d419a3bb63390f9aef6f85b262b4f30e426eac;f73707a35;c451ed4bd1a8ad90efe1e38c5c7a954d41bfff9d;c51a598d7;0;0;0;0;0;0;0;0;0;0;0;0;0;0;0;0
https://github.com/voldemort/voldemort;d8c9353d71b7d0966d57702e2f03d17d693b6778;c07b77753;c07b777533cdbdfe4042258dbf44f2d9d51e3bc0;105915d40;0;0;0;0;0;0;0;0;0;0;0;0;0;0;0;0
https://github.com/voldemort/voldemort;9bbe12a2c8f40f9ad579ae7273b5a9673b0595cb;d8c9353d7;d8c9353d71b7d0966d57702e2f03d17d693b6778;5307345ed;0;0;0;0;0;0;0;0;0;0;0;0;0;0;0;0
https://github.com/voldemort/voldemort;90cd6a8f5ff49005cfcc3ca8c38b42bd353b04b1;9bbe12a2c;9bbe12a2c8f40f9ad579ae7273b5a9673b0595cb;62aa59332;0;0;0;0;0;0;0;0;0;0;0;0;0;0;0;0
https://github.com/voldemort/voldemort;eaf9b6f38f4c8a8868c6258017658c300513fe1e;90cd6a8f5;c07b777533cdbdfe4042258dbf44f2d9d51e3bc0;b1b68a34a;0;0;0;0;0;0;0;0;0;0;0;0;0;0;0;0
https://github.com/voldemort/voldemort;b762a8070e5dc7e101b20186429525e00bdd2711;3f0fc7b3f;c07b777533cdbdfe4042258dbf44f2d9d51e3bc0;0371771b7;0;0;0;0;0;0;0;0;0;0;0;0;0;0;0;0
https://github.com/voldemort/voldemort;58ab1dc5d6960c73d8d75ceb41fec1c594c5c0b5;8724f649b;8724f649b24312cc6f13502eee932d3119d7087c;453ddc113;0;0;0;0;0;0;0;0;0;0;0;0;0;0;0;0
https://github.com/voldemort/voldemort;d5c048b3611ccac863b09f1c1433d0026748e77a;c080cfc63;58ab1dc5d6960c73d8d75ceb41fec1c594c5c0b5;d7d7349de;0;0;0;0;0;0;0;0;0;0;0;0;0;0;0;0
https://github.com/voldemort/voldemort;83588886e9ced07538da76340feabfd9172b8312;5aabfbee5;c07b777533cdbdfe4042258dbf44f2d9d51e3bc0;c5995a789;0;0;0;0;0;0;0;0;0;0;0;0;0;0;0;0
https://github.com/voldemort/voldemort;a569a2ad2f5d9d7fdc19889a94ea6c1b2578339a;fc8a3c80e;83588886e9ced07538da76340feabfd9172b8312;912e2e7a7;0;0;0;0;0;0;0;0;0;0;0;0;0;0;0;0
https://github.com/voldemort/voldemort;6f63a3e274a75a553595d787b3e11f6ef19e573b;1992acf64;912e2e7a73e34cd854d91607d3c0518c30adc234;d43d736b9;0;0;0;0;0;0;0;0;0;0;0;0;0;0;0;0
https://github.com/voldemort/voldemort;36016bcd71a28ea099735e009a742a2681f18f2c;130e8dd51;aaa31e1d33286ba4e674e79e9235a673b681165b;c81abea82;0;0;0;0;0;0;0;0;0;0;0;0;0;0;0;0
https://github.com/voldemort/voldemort;a3f45dfaf507a1e1068745bc041b969426627280;0d5dd5186;0d5dd5186511fd05eb8746d07d4ec8f5e9ce48e2;ec23bb2de;0;0;0;0;0;0;0;0;0;0;0;0;0;0;0;0
https://github.com/voldemort/voldemort;527bf869e5d9197fcd0dc7bb97d8d32e3141ed7a;a3f45dfaf;b8dbbe7fd143634a40892abd3e1bbdda7e86c070;5c4a4a9e2;0;0;0;0;0;0;0;0;0;0;0;0;0;0;0;0
https://github.com/voldemort/voldemort;0ec00a1822a9d65b331c27e560896c59c9fde559;b6d6fa1d0;d0c8187efd5b0155f53b4a0cc6fd4a0967d52e9e;babfd90bd;0;0;0;0;0;0;0;0;0;0;0;0;0;0;0;0
https://github.com/voldemort/voldemort;0d5a96d4e02df8110da9d96ecab0784a3ee19e7d;5d604a1dd;5ae570fc257b81a7e32763ef11bf606288a8a937;bf2309cb9;0;0;0;0;0;0;0;0;0;0;0;0;0;0;0;0
https://github.com/voldemort/voldemort;583a7bd5851c7915dd6143150bb4caf21495e9c8;0da292d55;b8dbbe7fd143634a40892abd3e1bbdda7e86c070;0d5a96d4e;0;0;0;0;0;0;0;0;0;0;0;0;0;0;0;0
https://github.com/voldemort/voldemort;216bc4b172b31b1be455f37b36bf13032e5d9a6d;d92829d8c;7157bd1701b0aa3b595aade49cee717f184c1fe3;ec2fd872b;0;0;0;0;0;0;0;0;0;0;0;0;0;0;0;0
https://github.com/voldemort/voldemort;b1363b2b63219a0cb71d67e6f2549cb46f484593;891dd95e6;0d5dd5186511fd05eb8746d07d4ec8f5e9ce48e2;d9fceb0ef;0;0;0;0;0;0;0;0;0;0;0;0;0;0;0;0
https://github.com/voldemort/voldemort;e8125ef3e49366c269aa978a054fda2ae4a7c50d;b1363b2b6;891dd95e6183f5281a0aceca1786a7b89ae075c7;815a88216;0;0;0;0;0;0;0;0;0;0;0;0;0;0;0;0
https://github.com/voldemort/voldemort;4e31f7430b83f2527fe94c4f184e93c9c9a5f2ba;e8125ef3e;891dd95e6183f5281a0aceca1786a7b89ae075c7;5504d0aee;0;0;0;0;0;0;0;0;0;0;0;0;0;0;0;0
https://github.com/voldemort/voldemort;27387e047883d547b419723b7adbd89af81159b3;4e31f7430;4e31f7430b83f2527fe94c4f184e93c9c9a5f2ba;a4b2678e1;0;0;0;0;0;0;0;0;0;0;0;0;0;0;0;0
https://github.com/voldemort/voldemort;cf0f0c586a07947ec0766f1f3b91cb3b846efa1d;272cf2cb6;272cf2cb65e255663884047af23df06249bb4325;5c717f202;0;0;0;0;0;0;0;0;0;0;0;0;0;0;0;0
https://github.com/voldemort/voldemort;e55cf7927d3a305817a1b5b2b56b1a773f553f78;de59607d1;19a09dcd9f6092366f35d5933758ebac4c60137b;ad8713387;0;0;0;0;0;0;0;0;0;0;0;0;0;0;0;0
https://github.com/voldemort/voldemort;f1f485312631454791fc1a36896ddc50b160e836;3a1f46046;3a1f46046afea958142738b470d338f41cc1387a;cff89fceb;0;0;0;0;0;0;0;0;0;0;0;0;0;0;0;0
https://github.com/voldemort/voldemort;46df86e433a53e8391c7942be377e6c102970ee5;db6de769e;db6de769eb8df2c3c66b55fefa3dea4305566574;036198429;0;0;0;0;0;0;0;0;0;0;0;0;0;0;0;0
https://github.com/voldemort/voldemort;a754f35130974b016240a8f7c4c6931de414d277;46df86e43;f8c5200860cea28ce78d6b2c86dc70ba5022d659;25e4616a8;0;0;0;0;0;0;0;0;0;0;0;0;0;0;0;0
https://github.com/voldemort/voldemort;ca08a06d8892162fb40dbadc58e7966d80f02047;a754f3513;a754f35130974b016240a8f7c4c6931de414d277;d2190fba2;0;0;0;0;0;0;0;0;0;0;0;0;0;0;0;0
https://github.com/voldemort/voldemort;495a23425cc6baaab91c9a057da6bda190a0f129;8addbf760;8addbf76020b73f6512e40449b3c909210bf8485;d310bf281;0;0;0;0;0;0;0;0;0;0;0;0;0;0;0;0
https://github.com/voldemort/voldemort;1592db01ad41a819b88d2ca4092151cec0fd6c11;13a4b81c2;13a4b81c2598a1490d1b17206ca370a62da1f4d9;3692fa3f4;0;0;0;0;0;0;0;0;0;0;0;0;0;0;0;0
https://github.com/voldemort/voldemort;5f0cd8bf4c10bbe55f0b7af4ef160e0831bb37c0;e63bc530c;e63bc530ca12160723246ef934ea61e877f1263e;924c72f12;0;0;0;0;0;0;0;0;0;0;0;0;0;0;0;0
https://github.com/voldemort/voldemort;037a0dcf6116475b7d145a44b487b6cb0d31147b;5f0cd8bf4;5f0cd8bf4c10bbe55f0b7af4ef160e0831bb37c0;c7e6ceca6;0;0;0;0;0;0;0;0;0;0;0;0;0;0;0;0
https://github.com/voldemort/voldemort;050ec929eb6f606957360ec06713e3d3138d2a04;f3801cfd5;f3801cfd5172bd210505a13a32ee22714e04390f;fb9cab67b;0;0;0;0;0;0;0;0;0;0;0;0;0;0;0;0
https://github.com/voldemort/voldemort;aa51b0bd36d8a016fbf5be9244a8ba28b1b64fe8;a45fc83a1;d65f7db2984ec9945421b61e39649b63cd0b4370;2b95f0d48;0;0;0;0;0;0;0;0;0;0;0;0;0;0;0;0
https://github.com/voldemort/voldemort;df46fdcd58d4865b2b95fd899440dd31d99b3b98;105d1edd2;105d1edd2be42ccbe8f339d083378fc0980a6476;b38aabe1d;0;0;0;0;0;0;0;0;0;0;0;0;0;0;0;0
https://github.com/voldemort/voldemort;9202548d54c58901bd3afa4e64b2401d411ddd36;d25d16986;8d6f06abd9e03713e466304e1a171eb552914e79;e65b0e032;0;0;0;0;0;0;0;0;0;0;0;0;0;0;0;0
https://github.com/voldemort/voldemort;98cd4113027db21e2c72c582e5c875c3e115341f;8c068ac50;2a0c81eaee1feeacd59160aa29d24b1c7b8c7c35;3ff1cbe47;0;0;0;0;0;0;0;0;0;0;0;0;0;0;0;0
https://github.com/voldemort/voldemort;dc509682de85d30866f2ee9baf2f876602e96004;6050ab929;6050ab929a807aa32397ce2aee752320cde9d763;810129c6c;0;0;0;0;0;0;0;0;0;0;0;0;0;0;0;0
https://github.com/voldemort/voldemort;4cc1c145819030c8e2baffe4c92383de14b8d880;dc509682d;711cc404c8bcbf6d6ff0dd6d052853f52f719d76;df73cd481;0;0;0;0;0;0;0;0;0;0;0;0;0;0;0;0
https://github.com/voldemort/voldemort;9c87ad83de4c9092960f9f5c657629f37e81cce1;95f60e8d3;49beabbc94755af04777a1d2e8ba2c3f7d31a6c9;1e08ab100;0;0;0;0;0;0;0;0;0;0;0;0;0;0;0;0
https://github.com/voldemort/voldemort;bc10986c516b420dbdf35f03e1a0c898cc4a185a;5f51537c1;5f51537c1b478d6b2e1eab5a97f7112437a0e17d;c7bce4d9f;0;0;0;0;0;0;0;0;0;0;0;0;0;0;0;0
https://github.com/voldemort/voldemort;6faa89972cfe657e326801099fe923bc1e57cf8e;1ac3a940c;0311bc607fb20230272e9ae85231dc71f3fd5afa;8c6dcf82e;0;0;0;0;0;0;0;0;0;0;0;0;0;0;0;0
https://github.com/voldemort/voldemort;678ba81d0082692f579660cea2eec9ae3c852000;9fa20d477;9fa20d477298226e771facc73f36a1fe74ad1822;6ebecb034;0;0;0;0;0;0;0;0;0;0;0;0;0;0;0;0
https://github.com/voldemort/voldemort;9c668066bb008104302fba1acc6b8adc1fc690ae;640fbc733;640fbc73354e8ede7deef286cc02a7ff6ae8ca50;975459c1b;0;0;0;0;0;0;0;0;0;0;0;0;0;0;0;0
https://github.com/voldemort/voldemort;d1926e511f55dfc51027307b0b46dcb786cc4c3a;c3a83603d;0311bc607fb20230272e9ae85231dc71f3fd5afa;bc679b7c5;0;0;0;0;0;0;0;0;0;0;0;0;0;0;0;0
https://github.com/voldemort/voldemort;d8068f39df3292bd3f9549d47b9deda3d2ffd979;d1926e511;c3a83603de7114769651ab56cdd5ae910ef5af30;91b1f090b;0;0;0;0;0;0;0;0;0;0;0;0;0;0;0;0
https://github.com/voldemort/voldemort;64c90eb8434978a398565ecbf578055c71e0dd1f;d8068f39d;6faa89972cfe657e326801099fe923bc1e57cf8e;797098540;0;0;0;0;0;0;0;0;0;0;0;0;0;0;0;0
https://github.com/voldemort/voldemort;b30fdfebe30c9b6e37b9fbc3fec0ff74cd19f997;64c90eb84;797098540cfc4b037ddd86924cb755047be146ce;24c829027;0;0;0;0;0;0;0;0;0;0;0;0;0;0;0;0
https://github.com/voldemort/voldemort;d53d53446d7d8f4bb2bb64805c17f437c170b958;71cc55cac;71cc55cacd9afac3756611f0866dbd5eee1ef079;f88adc48c;0;0;0;0;0;0;0;0;0;0;0;0;0;0;0;0
https://github.com/voldemort/voldemort;5b09c8e744c3d29675a3e5d1916aa34199d716d8;d53d53446;d53d53446d7d8f4bb2bb64805c17f437c170b958;fb2355313;0;0;0;0;0;0;0;0;0;0;0;0;0;0;0;0
https://github.com/voldemort/voldemort;aa11fd1442cb04cb467261ac0e74dbeaedf4c8d7;c927688ae;5b09c8e744c3d29675a3e5d1916aa34199d716d8;695ae8081;0;0;0;0;0;0;0;0;0;0;0;0;0;0;0;0
https://github.com/voldemort/voldemort;74b2c0992574a78da529452add9aa56fd7da36b2;64726a93d;64726a93da7e8f8a0175f5d073e751caf84c0c33;082012224;0;0;0;0;0;0;0;0;0;0;0;0;0;0;0;0
https://github.com/voldemort/voldemort;c7b4c1b8b6179d0f198515c26137ddea5dcdc411;fdd2ca9fd;fdd2ca9fd60c8c6c421465875f74a4c848813046;bdb660a94;0;0;0;0;0;0;0;0;0;0;0;0;0;0;0;0
https://github.com/voldemort/voldemort;3787b4fc83fe68151e301dcdbd4e366dbfbe35e1;c920c4b37;c920c4b3703522dc375c5adb5c6cf10ad226e646;d3e65e618;0;0;0;0;0;0;0;0;0;0;0;0;0;0;0;0
https://github.com/voldemort/voldemort;4b6f1ffadde98e445ea4d991e238052b96dd0925;9ac9f31bf;9ac9f31bf827a7c35977a6735caac3f889b3bb0c;10fe29067;0;0;0;0;0;0;0;0;0;0;0;0;0;0;0;0
